kind,cutoff,class,support,predicted,true_positive,precision,recall,coverage_all,none_fp_count,none_fp,total_coverage_all,total_correct_positive_recall,total_none_fp
per_class,0.5,supersedes,106,126,100,0.7936507936507936,0.9433962264150944,0.21875,25,0.09652509652509653,0.6111111111111112,0.9716088328075709,0.15444015444015444
per_class,0.5,cancels,72,80,71,0.8875,0.9861111111111112,0.1388888888888889,6,0.023166023166023165,0.6111111111111112,0.9716088328075709,0.15444015444015444
per_class,0.5,completes,70,76,69,0.9078947368421053,0.9857142857142858,0.13194444444444445,7,0.02702702702702703,0.6111111111111112,0.9716088328075709,0.15444015444015444
per_class,0.5,reinstates,69,70,68,0.9714285714285714,0.9855072463768116,0.12152777777777778,2,0.007722007722007722,0.6111111111111112,0.9716088328075709,0.15444015444015444
per_class,0.51,supersedes,106,126,100,0.7936507936507936,0.9433962264150944,0.21875,25,0.09652509652509653,0.609375,0.9716088328075709,0.15057915057915058
per_class,0.51,cancels,72,80,71,0.8875,0.9861111111111112,0.1388888888888889,6,0.023166023166023165,0.609375,0.9716088328075709,0.15057915057915058
per_class,0.51,completes,70,76,69,0.9078947368421053,0.9857142857142858,0.13194444444444445,7,0.02702702702702703,0.609375,0.9716088328075709,0.15057915057915058
per_class,0.51,reinstates,69,69,68,0.9855072463768116,0.9855072463768116,0.11979166666666667,1,0.003861003861003861,0.609375,0.9716088328075709,0.15057915057915058
per_class,0.52,supersedes,106,125,99,0.792,0.9339622641509434,0.2170138888888889,25,0.09652509652509653,0.6059027777777778,0.9684542586750788,0.15057915057915058
per_class,0.52,cancels,72,79,71,0.8987341772151899,0.9861111111111112,0.1371527777777778,6,0.023166023166023165,0.6059027777777778,0.9684542586750788,0.15057915057915058
per_class,0.52,completes,70,76,69,0.9078947368421053,0.9857142857142858,0.13194444444444445,7,0.02702702702702703,0.6059027777777778,0.9684542586750788,0.15057915057915058
per_class,0.52,reinstates,69,69,68,0.9855072463768116,0.9855072463768116,0.11979166666666667,1,0.003861003861003861,0.6059027777777778,0.9684542586750788,0.15057915057915058
per_class,0.53,supersedes,106,124,98,0.7903225806451613,0.9245283018867925,0.2152777777777778,25,0.09652509652509653,0.6041666666666666,0.9652996845425867,0.15057915057915058
per_class,0.53,cancels,72,79,71,0.8987341772151899,0.9861111111111112,0.1371527777777778,6,0.023166023166023165,0.6041666666666666,0.9652996845425867,0.15057915057915058
per_class,0.53,completes,70,76,69,0.9078947368421053,0.9857142857142858,0.13194444444444445,7,0.02702702702702703,0.6041666666666666,0.9652996845425867,0.15057915057915058
per_class,0.53,reinstates,69,69,68,0.9855072463768116,0.9855072463768116,0.11979166666666667,1,0.003861003861003861,0.6041666666666666,0.9652996845425867,0.15057915057915058
per_class,0.54,supersedes,106,123,97,0.7886178861788617,0.9150943396226415,0.21354166666666666,25,0.09652509652509653,0.6024305555555556,0.9621451104100947,0.15057915057915058
per_class,0.54,cancels,72,79,71,0.8987341772151899,0.9861111111111112,0.1371527777777778,6,0.023166023166023165,0.6024305555555556,0.9621451104100947,0.15057915057915058
per_class,0.54,completes,70,76,69,0.9078947368421053,0.9857142857142858,0.13194444444444445,7,0.02702702702702703,0.6024305555555556,0.9621451104100947,0.15057915057915058
per_class,0.54,reinstates,69,69,68,0.9855072463768116,0.9855072463768116,0.11979166666666667,1,0.003861003861003861,0.6024305555555556,0.9621451104100947,0.15057915057915058
per_class,0.55,supersedes,106,123,97,0.7886178861788617,0.9150943396226415,0.21354166666666666,25,0.09652509652509653,0.6024305555555556,0.9621451104100947,0.15057915057915058
per_class,0.55,cancels,72,79,71,0.8987341772151899,0.9861111111111112,0.1371527777777778,6,0.023166023166023165,0.6024305555555556,0.9621451104100947,0.15057915057915058
per_class,0.55,completes,70,76,69,0.9078947368421053,0.9857142857142858,0.13194444444444445,7,0.02702702702702703,0.6024305555555556,0.9621451104100947,0.15057915057915058
per_class,0.55,reinstates,69,69,68,0.9855072463768116,0.9855072463768116,0.11979166666666667,1,0.003861003861003861,0.6024305555555556,0.9621451104100947,0.15057915057915058
per_class,0.56,supersedes,106,123,97,0.7886178861788617,0.9150943396226415,0.21354166666666666,25,0.09652509652509653,0.6024305555555556,0.9621451104100947,0.15057915057915058
per_class,0.56,cancels,72,79,71,0.8987341772151899,0.9861111111111112,0.1371527777777778,6,0.023166023166023165,0.6024305555555556,0.9621451104100947,0.15057915057915058
per_class,0.56,completes,70,76,69,0.9078947368421053,0.9857142857142858,0.13194444444444445,7,0.02702702702702703,0.6024305555555556,0.9621451104100947,0.15057915057915058
per_class,0.56,reinstates,69,69,68,0.9855072463768116,0.9855072463768116,0.11979166666666667,1,0.003861003861003861,0.6024305555555556,0.9621451104100947,0.15057915057915058
per_class,0.57,supersedes,106,123,97,0.7886178861788617,0.9150943396226415,0.21354166666666666,25,0.09652509652509653,0.6024305555555556,0.9621451104100947,0.15057915057915058
per_class,0.57,cancels,72,79,71,0.8987341772151899,0.9861111111111112,0.1371527777777778,6,0.023166023166023165,0.6024305555555556,0.9621451104100947,0.15057915057915058
per_class,0.57,completes,70,76,69,0.9078947368421053,0.9857142857142858,0.13194444444444445,7,0.02702702702702703,0.6024305555555556,0.9621451104100947,0.15057915057915058
per_class,0.57,reinstates,69,69,68,0.9855072463768116,0.9855072463768116,0.11979166666666667,1,0.003861003861003861,0.6024305555555556,0.9621451104100947,0.15057915057915058
per_class,0.58,supersedes,106,122,97,0.7950819672131147,0.9150943396226415,0.21180555555555555,24,0.09266409266409266,0.6006944444444444,0.9621451104100947,0.14671814671814673
per_class,0.58,cancels,72,79,71,0.8987341772151899,0.9861111111111112,0.1371527777777778,6,0.023166023166023165,0.6006944444444444,0.9621451104100947,0.14671814671814673
per_class,0.58,completes,70,76,69,0.9078947368421053,0.9857142857142858,0.13194444444444445,7,0.02702702702702703,0.6006944444444444,0.9621451104100947,0.14671814671814673
per_class,0.58,reinstates,69,69,68,0.9855072463768116,0.9855072463768116,0.11979166666666667,1,0.003861003861003861,0.6006944444444444,0.9621451104100947,0.14671814671814673
per_class,0.59,supersedes,106,122,97,0.7950819672131147,0.9150943396226415,0.21180555555555555,24,0.09266409266409266,0.6006944444444444,0.9621451104100947,0.14671814671814673
per_class,0.59,cancels,72,79,71,0.8987341772151899,0.9861111111111112,0.1371527777777778,6,0.023166023166023165,0.6006944444444444,0.9621451104100947,0.14671814671814673
per_class,0.59,completes,70,76,69,0.9078947368421053,0.9857142857142858,0.13194444444444445,7,0.02702702702702703,0.6006944444444444,0.9621451104100947,0.14671814671814673
per_class,0.59,reinstates,69,69,68,0.9855072463768116,0.9855072463768116,0.11979166666666667,1,0.003861003861003861,0.6006944444444444,0.9621451104100947,0.14671814671814673
per_class,0.6,supersedes,106,122,97,0.7950819672131147,0.9150943396226415,0.21180555555555555,24,0.09266409266409266,0.6006944444444444,0.9621451104100947,0.14671814671814673
per_class,0.6,cancels,72,79,71,0.8987341772151899,0.9861111111111112,0.1371527777777778,6,0.023166023166023165,0.6006944444444444,0.9621451104100947,0.14671814671814673
per_class,0.6,completes,70,76,69,0.9078947368421053,0.9857142857142858,0.13194444444444445,7,0.02702702702702703,0.6006944444444444,0.9621451104100947,0.14671814671814673
per_class,0.6,reinstates,69,69,68,0.9855072463768116,0.9855072463768116,0.11979166666666667,1,0.003861003861003861,0.6006944444444444,0.9621451104100947,0.14671814671814673
per_class,0.61,supersedes,106,121,96,0.7933884297520661,0.9056603773584906,0.21006944444444445,24,0.09266409266409266,0.5972222222222222,0.9589905362776026,0.14285714285714285
per_class,0.61,cancels,72,78,71,0.9102564102564102,0.9861111111111112,0.13541666666666666,5,0.019305019305019305,0.5972222222222222,0.9589905362776026,0.14285714285714285
per_class,0.61,completes,70,76,69,0.9078947368421053,0.9857142857142858,0.13194444444444445,7,0.02702702702702703,0.5972222222222222,0.9589905362776026,0.14285714285714285
per_class,0.61,reinstates,69,69,68,0.9855072463768116,0.9855072463768116,0.11979166666666667,1,0.003861003861003861,0.5972222222222222,0.9589905362776026,0.14285714285714285
per_class,0.62,supersedes,106,120,95,0.7916666666666666,0.8962264150943396,0.20833333333333334,24,0.09266409266409266,0.5954861111111112,0.9558359621451105,0.14285714285714285
per_class,0.62,cancels,72,78,71,0.9102564102564102,0.9861111111111112,0.13541666666666666,5,0.019305019305019305,0.5954861111111112,0.9558359621451105,0.14285714285714285
per_class,0.62,completes,70,76,69,0.9078947368421053,0.9857142857142858,0.13194444444444445,7,0.02702702702702703,0.5954861111111112,0.9558359621451105,0.14285714285714285
per_class,0.62,reinstates,69,69,68,0.9855072463768116,0.9855072463768116,0.11979166666666667,1,0.003861003861003861,0.5954861111111112,0.9558359621451105,0.14285714285714285
per_class,0.63,supersedes,106,119,95,0.7983193277310925,0.8962264150943396,0.2065972222222222,24,0.09266409266409266,0.59375,0.9558359621451105,0.14285714285714285
per_class,0.63,cancels,72,78,71,0.9102564102564102,0.9861111111111112,0.13541666666666666,5,0.019305019305019305,0.59375,0.9558359621451105,0.14285714285714285
per_class,0.63,completes,70,76,69,0.9078947368421053,0.9857142857142858,0.13194444444444445,7,0.02702702702702703,0.59375,0.9558359621451105,0.14285714285714285
per_class,0.63,reinstates,69,69,68,0.9855072463768116,0.9855072463768116,0.11979166666666667,1,0.003861003861003861,0.59375,0.9558359621451105,0.14285714285714285
per_class,0.64,supersedes,106,117,95,0.811965811965812,0.8962264150943396,0.203125,22,0.08494208494208494,0.5885416666666666,0.9526813880126183,0.13513513513513514
per_class,0.64,cancels,72,78,71,0.9102564102564102,0.9861111111111112,0.13541666666666666,5,0.019305019305019305,0.5885416666666666,0.9526813880126183,0.13513513513513514
per_class,0.64,completes,70,76,69,0.9078947368421053,0.9857142857142858,0.13194444444444445,7,0.02702702702702703,0.5885416666666666,0.9526813880126183,0.13513513513513514
per_class,0.64,reinstates,69,68,67,0.9852941176470589,0.9710144927536232,0.11805555555555555,1,0.003861003861003861,0.5885416666666666,0.9526813880126183,0.13513513513513514
per_class,0.65,supersedes,106,117,95,0.811965811965812,0.8962264150943396,0.203125,22,0.08494208494208494,0.5868055555555556,0.9495268138801262,0.13513513513513514
per_class,0.65,cancels,72,77,70,0.9090909090909091,0.9722222222222222,0.13368055555555555,5,0.019305019305019305,0.5868055555555556,0.9495268138801262,0.13513513513513514
per_class,0.65,completes,70,76,69,0.9078947368421053,0.9857142857142858,0.13194444444444445,7,0.02702702702702703,0.5868055555555556,0.9495268138801262,0.13513513513513514
per_class,0.65,reinstates,69,68,67,0.9852941176470589,0.9710144927536232,0.11805555555555555,1,0.003861003861003861,0.5868055555555556,0.9495268138801262,0.13513513513513514
per_class,0.66,supersedes,106,117,95,0.811965811965812,0.8962264150943396,0.203125,22,0.08494208494208494,0.5850694444444444,0.9495268138801262,0.13513513513513514
per_class,0.66,cancels,72,76,70,0.9210526315789473,0.9722222222222222,0.13194444444444445,5,0.019305019305019305,0.5850694444444444,0.9495268138801262,0.13513513513513514
per_class,0.66,completes,70,76,69,0.9078947368421053,0.9857142857142858,0.13194444444444445,7,0.02702702702702703,0.5850694444444444,0.9495268138801262,0.13513513513513514
per_class,0.66,reinstates,69,68,67,0.9852941176470589,0.9710144927536232,0.11805555555555555,1,0.003861003861003861,0.5850694444444444,0.9495268138801262,0.13513513513513514
per_class,0.67,supersedes,106,117,95,0.811965811965812,0.8962264150943396,0.203125,22,0.08494208494208494,0.5833333333333334,0.9463722397476341,0.13513513513513514
per_class,0.67,cancels,72,76,70,0.9210526315789473,0.9722222222222222,0.13194444444444445,5,0.019305019305019305,0.5833333333333334,0.9463722397476341,0.13513513513513514
per_class,0.67,completes,70,75,68,0.9066666666666666,0.9714285714285714,0.13020833333333334,7,0.02702702702702703,0.5833333333333334,0.9463722397476341,0.13513513513513514
per_class,0.67,reinstates,69,68,67,0.9852941176470589,0.9710144927536232,0.11805555555555555,1,0.003861003861003861,0.5833333333333334,0.9463722397476341,0.13513513513513514
per_class,0.68,supersedes,106,117,95,0.811965811965812,0.8962264150943396,0.203125,22,0.08494208494208494,0.5833333333333334,0.9463722397476341,0.13513513513513514
per_class,0.68,cancels,72,76,70,0.9210526315789473,0.9722222222222222,0.13194444444444445,5,0.019305019305019305,0.5833333333333334,0.9463722397476341,0.13513513513513514
per_class,0.68,completes,70,75,68,0.9066666666666666,0.9714285714285714,0.13020833333333334,7,0.02702702702702703,0.5833333333333334,0.9463722397476341,0.13513513513513514
per_class,0.68,reinstates,69,68,67,0.9852941176470589,0.9710144927536232,0.11805555555555555,1,0.003861003861003861,0.5833333333333334,0.9463722397476341,0.13513513513513514
per_class,0.69,supersedes,106,117,95,0.811965811965812,0.8962264150943396,0.203125,22,0.08494208494208494,0.5833333333333334,0.9463722397476341,0.13513513513513514
per_class,0.69,cancels,72,76,70,0.9210526315789473,0.9722222222222222,0.13194444444444445,5,0.019305019305019305,0.5833333333333334,0.9463722397476341,0.13513513513513514
per_class,0.69,completes,70,75,68,0.9066666666666666,0.9714285714285714,0.13020833333333334,7,0.02702702702702703,0.5833333333333334,0.9463722397476341,0.13513513513513514
per_class,0.69,reinstates,69,68,67,0.9852941176470589,0.9710144927536232,0.11805555555555555,1,0.003861003861003861,0.5833333333333334,0.9463722397476341,0.13513513513513514
per_class,0.7,supersedes,106,117,95,0.811965811965812,0.8962264150943396,0.203125,22,0.08494208494208494,0.5833333333333334,0.9463722397476341,0.13513513513513514
per_class,0.7,cancels,72,76,70,0.9210526315789473,0.9722222222222222,0.13194444444444445,5,0.019305019305019305,0.5833333333333334,0.9463722397476341,0.13513513513513514
per_class,0.7,completes,70,75,68,0.9066666666666666,0.9714285714285714,0.13020833333333334,7,0.02702702702702703,0.5833333333333334,0.9463722397476341,0.13513513513513514
per_class,0.7,reinstates,69,68,67,0.9852941176470589,0.9710144927536232,0.11805555555555555,1,0.003861003861003861,0.5833333333333334,0.9463722397476341,0.13513513513513514
per_class,0.71,supersedes,106,117,95,0.811965811965812,0.8962264150943396,0.203125,22,0.08494208494208494,0.5833333333333334,0.9463722397476341,0.13513513513513514
per_class,0.71,cancels,72,76,70,0.9210526315789473,0.9722222222222222,0.13194444444444445,5,0.019305019305019305,0.5833333333333334,0.9463722397476341,0.13513513513513514
per_class,0.71,completes,70,75,68,0.9066666666666666,0.9714285714285714,0.13020833333333334,7,0.02702702702702703,0.5833333333333334,0.9463722397476341,0.13513513513513514
per_class,0.71,reinstates,69,68,67,0.9852941176470589,0.9710144927536232,0.11805555555555555,1,0.003861003861003861,0.5833333333333334,0.9463722397476341,0.13513513513513514
per_class,0.72,supersedes,106,116,94,0.8103448275862069,0.8867924528301887,0.2013888888888889,22,0.08494208494208494,0.5815972222222222,0.943217665615142,0.13513513513513514
per_class,0.72,cancels,72,76,70,0.9210526315789473,0.9722222222222222,0.13194444444444445,5,0.019305019305019305,0.5815972222222222,0.943217665615142,0.13513513513513514
per_class,0.72,completes,70,75,68,0.9066666666666666,0.9714285714285714,0.13020833333333334,7,0.02702702702702703,0.5815972222222222,0.943217665615142,0.13513513513513514
per_class,0.72,reinstates,69,68,67,0.9852941176470589,0.9710144927536232,0.11805555555555555,1,0.003861003861003861,0.5815972222222222,0.943217665615142,0.13513513513513514
per_class,0.73,supersedes,106,115,94,0.8173913043478261,0.8867924528301887,0.1996527777777778,21,0.08108108108108109,0.5798611111111112,0.943217665615142,0.13127413127413126
per_class,0.73,cancels,72,76,70,0.9210526315789473,0.9722222222222222,0.13194444444444445,5,0.019305019305019305,0.5798611111111112,0.943217665615142,0.13127413127413126
per_class,0.73,completes,70,75,68,0.9066666666666666,0.9714285714285714,0.13020833333333334,7,0.02702702702702703,0.5798611111111112,0.943217665615142,0.13127413127413126
per_class,0.73,reinstates,69,68,67,0.9852941176470589,0.9710144927536232,0.11805555555555555,1,0.003861003861003861,0.5798611111111112,0.943217665615142,0.13127413127413126
per_class,0.74,supersedes,106,115,94,0.8173913043478261,0.8867924528301887,0.1996527777777778,21,0.08108108108108109,0.5763888888888888,0.9400630914826499,0.13127413127413126
per_class,0.74,cancels,72,74,69,0.9324324324324325,0.9583333333333334,0.1284722222222222,5,0.019305019305019305,0.5763888888888888,0.9400630914826499,0.13127413127413126
per_class,0.74,completes,70,75,68,0.9066666666666666,0.9714285714285714,0.13020833333333334,7,0.02702702702702703,0.5763888888888888,0.9400630914826499,0.13127413127413126
per_class,0.74,reinstates,69,68,67,0.9852941176470589,0.9710144927536232,0.11805555555555555,1,0.003861003861003861,0.5763888888888888,0.9400630914826499,0.13127413127413126
per_class,0.75,supersedes,106,115,94,0.8173913043478261,0.8867924528301887,0.1996527777777778,21,0.08108108108108109,0.5763888888888888,0.9400630914826499,0.13127413127413126
per_class,0.75,cancels,72,74,69,0.9324324324324325,0.9583333333333334,0.1284722222222222,5,0.019305019305019305,0.5763888888888888,0.9400630914826499,0.13127413127413126
per_class,0.75,completes,70,75,68,0.9066666666666666,0.9714285714285714,0.13020833333333334,7,0.02702702702702703,0.5763888888888888,0.9400630914826499,0.13127413127413126
per_class,0.75,reinstates,69,68,67,0.9852941176470589,0.9710144927536232,0.11805555555555555,1,0.003861003861003861,0.5763888888888888,0.9400630914826499,0.13127413127413126
per_class,0.76,supersedes,106,113,93,0.8230088495575221,0.8773584905660378,0.19618055555555555,20,0.07722007722007722,0.5711805555555556,0.9337539432176656,0.1274131274131274
per_class,0.76,cancels,72,74,69,0.9324324324324325,0.9583333333333334,0.1284722222222222,5,0.019305019305019305,0.5711805555555556,0.9337539432176656,0.1274131274131274
per_class,0.76,completes,70,75,68,0.9066666666666666,0.9714285714285714,0.13020833333333334,7,0.02702702702702703,0.5711805555555556,0.9337539432176656,0.1274131274131274
per_class,0.76,reinstates,69,67,66,0.9850746268656716,0.9565217391304348,0.11631944444444445,1,0.003861003861003861,0.5711805555555556,0.9337539432176656,0.1274131274131274
per_class,0.77,supersedes,106,113,93,0.8230088495575221,0.8773584905660378,0.19618055555555555,20,0.07722007722007722,0.5711805555555556,0.9337539432176656,0.1274131274131274
per_class,0.77,cancels,72,74,69,0.9324324324324325,0.9583333333333334,0.1284722222222222,5,0.019305019305019305,0.5711805555555556,0.9337539432176656,0.1274131274131274
per_class,0.77,completes,70,75,68,0.9066666666666666,0.9714285714285714,0.13020833333333334,7,0.02702702702702703,0.5711805555555556,0.9337539432176656,0.1274131274131274
per_class,0.77,reinstates,69,67,66,0.9850746268656716,0.9565217391304348,0.11631944444444445,1,0.003861003861003861,0.5711805555555556,0.9337539432176656,0.1274131274131274
per_class,0.78,supersedes,106,111,93,0.8378378378378378,0.8773584905660378,0.19270833333333334,18,0.0694980694980695,0.5677083333333334,0.9337539432176656,0.11969111969111969
per_class,0.78,cancels,72,74,69,0.9324324324324325,0.9583333333333334,0.1284722222222222,5,0.019305019305019305,0.5677083333333334,0.9337539432176656,0.11969111969111969
per_class,0.78,completes,70,75,68,0.9066666666666666,0.9714285714285714,0.13020833333333334,7,0.02702702702702703,0.5677083333333334,0.9337539432176656,0.11969111969111969
per_class,0.78,reinstates,69,67,66,0.9850746268656716,0.9565217391304348,0.11631944444444445,1,0.003861003861003861,0.5677083333333334,0.9337539432176656,0.11969111969111969
per_class,0.79,supersedes,106,110,92,0.8363636363636363,0.8679245283018868,0.1909722222222222,18,0.0694980694980695,0.5659722222222222,0.9305993690851735,0.11969111969111969
per_class,0.79,cancels,72,74,69,0.9324324324324325,0.9583333333333334,0.1284722222222222,5,0.019305019305019305,0.5659722222222222,0.9305993690851735,0.11969111969111969
per_class,0.79,completes,70,75,68,0.9066666666666666,0.9714285714285714,0.13020833333333334,7,0.02702702702702703,0.5659722222222222,0.9305993690851735,0.11969111969111969
per_class,0.79,reinstates,69,67,66,0.9850746268656716,0.9565217391304348,0.11631944444444445,1,0.003861003861003861,0.5659722222222222,0.9305993690851735,0.11969111969111969
per_class,0.8,supersedes,106,110,92,0.8363636363636363,0.8679245283018868,0.1909722222222222,18,0.0694980694980695,0.5659722222222222,0.9305993690851735,0.11969111969111969
per_class,0.8,cancels,72,74,69,0.9324324324324325,0.9583333333333334,0.1284722222222222,5,0.019305019305019305,0.5659722222222222,0.9305993690851735,0.11969111969111969
per_class,0.8,completes,70,75,68,0.9066666666666666,0.9714285714285714,0.13020833333333334,7,0.02702702702702703,0.5659722222222222,0.9305993690851735,0.11969111969111969
per_class,0.8,reinstates,69,67,66,0.9850746268656716,0.9565217391304348,0.11631944444444445,1,0.003861003861003861,0.5659722222222222,0.9305993690851735,0.11969111969111969
per_class,0.81,supersedes,106,110,92,0.8363636363636363,0.8679245283018868,0.1909722222222222,18,0.0694980694980695,0.5659722222222222,0.9305993690851735,0.11969111969111969
per_class,0.81,cancels,72,74,69,0.9324324324324325,0.9583333333333334,0.1284722222222222,5,0.019305019305019305,0.5659722222222222,0.9305993690851735,0.11969111969111969
per_class,0.81,completes,70,75,68,0.9066666666666666,0.9714285714285714,0.13020833333333334,7,0.02702702702702703,0.5659722222222222,0.9305993690851735,0.11969111969111969
per_class,0.81,reinstates,69,67,66,0.9850746268656716,0.9565217391304348,0.11631944444444445,1,0.003861003861003861,0.5659722222222222,0.9305993690851735,0.11969111969111969
per_class,0.82,supersedes,106,109,91,0.8348623853211009,0.8584905660377359,0.1892361111111111,18,0.0694980694980695,0.5642361111111112,0.9274447949526814,0.11969111969111969
per_class,0.82,cancels,72,74,69,0.9324324324324325,0.9583333333333334,0.1284722222222222,5,0.019305019305019305,0.5642361111111112,0.9274447949526814,0.11969111969111969
per_class,0.82,completes,70,75,68,0.9066666666666666,0.9714285714285714,0.13020833333333334,7,0.02702702702702703,0.5642361111111112,0.9274447949526814,0.11969111969111969
per_class,0.82,reinstates,69,67,66,0.9850746268656716,0.9565217391304348,0.11631944444444445,1,0.003861003861003861,0.5642361111111112,0.9274447949526814,0.11969111969111969
per_class,0.83,supersedes,106,108,91,0.8425925925925926,0.8584905660377359,0.1875,17,0.06563706563706563,0.5625,0.9274447949526814,0.11583011583011583
per_class,0.83,cancels,72,74,69,0.9324324324324325,0.9583333333333334,0.1284722222222222,5,0.019305019305019305,0.5625,0.9274447949526814,0.11583011583011583
per_class,0.83,completes,70,75,68,0.9066666666666666,0.9714285714285714,0.13020833333333334,7,0.02702702702702703,0.5625,0.9274447949526814,0.11583011583011583
per_class,0.83,reinstates,69,67,66,0.9850746268656716,0.9565217391304348,0.11631944444444445,1,0.003861003861003861,0.5625,0.9274447949526814,0.11583011583011583
per_class,0.84,supersedes,106,107,90,0.8411214953271028,0.8490566037735849,0.1857638888888889,17,0.06563706563706563,0.5607638888888888,0.9242902208201893,0.11583011583011583
per_class,0.84,cancels,72,74,69,0.9324324324324325,0.9583333333333334,0.1284722222222222,5,0.019305019305019305,0.5607638888888888,0.9242902208201893,0.11583011583011583
per_class,0.84,completes,70,75,68,0.9066666666666666,0.9714285714285714,0.13020833333333334,7,0.02702702702702703,0.5607638888888888,0.9242902208201893,0.11583011583011583
per_class,0.84,reinstates,69,67,66,0.9850746268656716,0.9565217391304348,0.11631944444444445,1,0.003861003861003861,0.5607638888888888,0.9242902208201893,0.11583011583011583
per_class,0.85,supersedes,106,107,90,0.8411214953271028,0.8490566037735849,0.1857638888888889,17,0.06563706563706563,0.5607638888888888,0.9242902208201893,0.11583011583011583
per_class,0.85,cancels,72,74,69,0.9324324324324325,0.9583333333333334,0.1284722222222222,5,0.019305019305019305,0.5607638888888888,0.9242902208201893,0.11583011583011583
per_class,0.85,completes,70,75,68,0.9066666666666666,0.9714285714285714,0.13020833333333334,7,0.02702702702702703,0.5607638888888888,0.9242902208201893,0.11583011583011583
per_class,0.85,reinstates,69,67,66,0.9850746268656716,0.9565217391304348,0.11631944444444445,1,0.003861003861003861,0.5607638888888888,0.9242902208201893,0.11583011583011583
per_class,0.86,supersedes,106,107,90,0.8411214953271028,0.8490566037735849,0.1857638888888889,17,0.06563706563706563,0.5590277777777778,0.9211356466876972,0.11583011583011583
per_class,0.86,cancels,72,73,68,0.9315068493150684,0.9444444444444444,0.1267361111111111,5,0.019305019305019305,0.5590277777777778,0.9211356466876972,0.11583011583011583
per_class,0.86,completes,70,75,68,0.9066666666666666,0.9714285714285714,0.13020833333333334,7,0.02702702702702703,0.5590277777777778,0.9211356466876972,0.11583011583011583
per_class,0.86,reinstates,69,67,66,0.9850746268656716,0.9565217391304348,0.11631944444444445,1,0.003861003861003861,0.5590277777777778,0.9211356466876972,0.11583011583011583
per_class,0.87,supersedes,106,105,89,0.8476190476190476,0.839622641509434,0.18229166666666666,16,0.06177606177606178,0.5555555555555556,0.917981072555205,0.11196911196911197
per_class,0.87,cancels,72,73,68,0.9315068493150684,0.9444444444444444,0.1267361111111111,5,0.019305019305019305,0.5555555555555556,0.917981072555205,0.11196911196911197
per_class,0.87,completes,70,75,68,0.9066666666666666,0.9714285714285714,0.13020833333333334,7,0.02702702702702703,0.5555555555555556,0.917981072555205,0.11196911196911197
per_class,0.87,reinstates,69,67,66,0.9850746268656716,0.9565217391304348,0.11631944444444445,1,0.003861003861003861,0.5555555555555556,0.917981072555205,0.11196911196911197
per_class,0.88,supersedes,106,104,88,0.8461538461538461,0.8301886792452831,0.18055555555555555,16,0.06177606177606178,0.5538194444444444,0.9148264984227129,0.11196911196911197
per_class,0.88,cancels,72,73,68,0.9315068493150684,0.9444444444444444,0.1267361111111111,5,0.019305019305019305,0.5538194444444444,0.9148264984227129,0.11196911196911197
per_class,0.88,completes,70,75,68,0.9066666666666666,0.9714285714285714,0.13020833333333334,7,0.02702702702702703,0.5538194444444444,0.9148264984227129,0.11196911196911197
per_class,0.88,reinstates,69,67,66,0.9850746268656716,0.9565217391304348,0.11631944444444445,1,0.003861003861003861,0.5538194444444444,0.9148264984227129,0.11196911196911197
per_class,0.89,supersedes,106,103,88,0.8543689320388349,0.8301886792452831,0.17881944444444445,15,0.05791505791505792,0.5486111111111112,0.9085173501577287,0.10810810810810811
per_class,0.89,cancels,72,73,68,0.9315068493150684,0.9444444444444444,0.1267361111111111,5,0.019305019305019305,0.5486111111111112,0.9085173501577287,0.10810810810810811
per_class,0.89,completes,70,75,68,0.9066666666666666,0.9714285714285714,0.13020833333333334,7,0.02702702702702703,0.5486111111111112,0.9085173501577287,0.10810810810810811
per_class,0.89,reinstates,69,65,64,0.9846153846153847,0.927536231884058,0.11284722222222222,1,0.003861003861003861,0.5486111111111112,0.9085173501577287,0.10810810810810811
per_class,0.9,supersedes,106,102,88,0.8627450980392157,0.8301886792452831,0.17708333333333334,14,0.05405405405405406,0.5434027777777778,0.9053627760252366,0.10038610038610038
per_class,0.9,cancels,72,72,67,0.9305555555555556,0.9305555555555556,0.125,5,0.019305019305019305,0.5434027777777778,0.9053627760252366,0.10038610038610038
per_class,0.9,completes,70,74,68,0.918918918918919,0.9714285714285714,0.1284722222222222,6,0.023166023166023165,0.5434027777777778,0.9053627760252366,0.10038610038610038
per_class,0.9,reinstates,69,65,64,0.9846153846153847,0.927536231884058,0.11284722222222222,1,0.003861003861003861,0.5434027777777778,0.9053627760252366,0.10038610038610038
per_class,0.91,supersedes,106,101,87,0.8613861386138614,0.8207547169811321,0.1753472222222222,14,0.05405405405405406,0.5399305555555556,0.9022082018927445,0.09652509652509653
per_class,0.91,cancels,72,72,67,0.9305555555555556,0.9305555555555556,0.125,5,0.019305019305019305,0.5399305555555556,0.9022082018927445,0.09652509652509653
per_class,0.91,completes,70,73,68,0.9315068493150684,0.9714285714285714,0.1267361111111111,5,0.019305019305019305,0.5399305555555556,0.9022082018927445,0.09652509652509653
per_class,0.91,reinstates,69,65,64,0.9846153846153847,0.927536231884058,0.11284722222222222,1,0.003861003861003861,0.5399305555555556,0.9022082018927445,0.09652509652509653
per_class,0.92,supersedes,106,100,86,0.86,0.8113207547169812,0.1736111111111111,14,0.05405405405405406,0.53125,0.8927444794952681,0.0888030888030888
per_class,0.92,cancels,72,69,66,0.9565217391304348,0.9166666666666666,0.11979166666666667,3,0.011583011583011582,0.53125,0.8927444794952681,0.0888030888030888
per_class,0.92,completes,70,72,67,0.9305555555555556,0.9571428571428572,0.125,5,0.019305019305019305,0.53125,0.8927444794952681,0.0888030888030888
per_class,0.92,reinstates,69,65,64,0.9846153846153847,0.927536231884058,0.11284722222222222,1,0.003861003861003861,0.53125,0.8927444794952681,0.0888030888030888
per_class,0.93,supersedes,106,98,85,0.8673469387755102,0.8018867924528302,0.1701388888888889,13,0.05019305019305019,0.5277777777777778,0.889589905362776,0.08494208494208494
per_class,0.93,cancels,72,69,66,0.9565217391304348,0.9166666666666666,0.11979166666666667,3,0.011583011583011582,0.5277777777777778,0.889589905362776,0.08494208494208494
per_class,0.93,completes,70,72,67,0.9305555555555556,0.9571428571428572,0.125,5,0.019305019305019305,0.5277777777777778,0.889589905362776,0.08494208494208494
per_class,0.93,reinstates,69,65,64,0.9846153846153847,0.927536231884058,0.11284722222222222,1,0.003861003861003861,0.5277777777777778,0.889589905362776,0.08494208494208494
per_class,0.94,supersedes,106,95,84,0.8842105263157894,0.7924528301886793,0.16493055555555555,11,0.04247104247104247,0.5104166666666666,0.8706624605678234,0.0694980694980695
per_class,0.94,cancels,72,64,62,0.96875,0.8611111111111112,0.1111111111111111,2,0.007722007722007722,0.5104166666666666,0.8706624605678234,0.0694980694980695
per_class,0.94,completes,70,71,67,0.9436619718309859,0.9571428571428572,0.1232638888888889,4,0.015444015444015444,0.5104166666666666,0.8706624605678234,0.0694980694980695
per_class,0.94,reinstates,69,64,63,0.984375,0.9130434782608695,0.1111111111111111,1,0.003861003861003861,0.5104166666666666,0.8706624605678234,0.0694980694980695
per_class,0.95,supersedes,106,88,78,0.8863636363636364,0.7358490566037735,0.1527777777777778,10,0.03861003861003861,0.4930555555555556,0.8454258675078864,0.06177606177606178
per_class,0.95,cancels,72,62,61,0.9838709677419355,0.8472222222222222,0.1076388888888889,1,0.003861003861003861,0.4930555555555556,0.8454258675078864,0.06177606177606178
per_class,0.95,completes,70,71,67,0.9436619718309859,0.9571428571428572,0.1232638888888889,4,0.015444015444015444,0.4930555555555556,0.8454258675078864,0.06177606177606178
per_class,0.95,reinstates,69,63,62,0.9841269841269841,0.8985507246376812,0.109375,1,0.003861003861003861,0.4930555555555556,0.8454258675078864,0.06177606177606178
per_class,0.96,supersedes,106,74,67,0.9054054054054054,0.6320754716981132,0.1284722222222222,7,0.02702702702702703,0.4635416666666667,0.8012618296529969,0.05019305019305019
per_class,0.96,cancels,72,60,59,0.9833333333333333,0.8194444444444444,0.10416666666666667,1,0.003861003861003861,0.4635416666666667,0.8012618296529969,0.05019305019305019
per_class,0.96,completes,70,71,67,0.9436619718309859,0.9571428571428572,0.1232638888888889,4,0.015444015444015444,0.4635416666666667,0.8012618296529969,0.05019305019305019
per_class,0.96,reinstates,69,62,61,0.9838709677419355,0.8840579710144928,0.1076388888888889,1,0.003861003861003861,0.4635416666666667,0.8012618296529969,0.05019305019305019
per_class,0.97,supersedes,106,17,17,1.0,0.16037735849056603,0.029513888888888888,0,0.0,0.3333333333333333,0.5899053627760252,0.019305019305019305
per_class,0.97,cancels,72,49,48,0.9795918367346939,0.6666666666666666,0.08506944444444445,1,0.003861003861003861,0.3333333333333333,0.5899053627760252,0.019305019305019305
per_class,0.97,completes,70,70,67,0.9571428571428572,0.9571428571428572,0.12152777777777778,3,0.011583011583011582,0.3333333333333333,0.5899053627760252,0.019305019305019305
per_class,0.97,reinstates,69,56,55,0.9821428571428571,0.7971014492753623,0.09722222222222222,1,0.003861003861003861,0.3333333333333333,0.5899053627760252,0.019305019305019305
per_class,0.98,supersedes,106,0,0,,0.0,0.0,0,0.0,0.0,0.0,0.0
per_class,0.98,cancels,72,0,0,,0.0,0.0,0,0.0,0.0,0.0,0.0
per_class,0.98,completes,70,0,0,,0.0,0.0,0,0.0,0.0,0.0,0.0
per_class,0.98,reinstates,69,0,0,,0.0,0.0,0,0.0,0.0,0.0,0.0
margin,0.0,supersedes,106,127,100,0.7874015748031497,0.9433962264150944,0.2204861111111111,26,0.10038610038610038,0.6128472222222222,0.9716088328075709,0.1583011583011583
margin,0.0,cancels,72,80,71,0.8875,0.9861111111111112,0.1388888888888889,6,0.023166023166023165,0.6128472222222222,0.9716088328075709,0.1583011583011583
margin,0.0,completes,70,76,69,0.9078947368421053,0.9857142857142858,0.13194444444444445,7,0.02702702702702703,0.6128472222222222,0.9716088328075709,0.1583011583011583
margin,0.0,reinstates,69,70,68,0.9714285714285714,0.9855072463768116,0.12152777777777778,2,0.007722007722007722,0.6128472222222222,0.9716088328075709,0.1583011583011583
margin,0.01,supersedes,106,127,100,0.7874015748031497,0.9433962264150944,0.2204861111111111,26,0.10038610038610038,0.6128472222222222,0.9716088328075709,0.1583011583011583
margin,0.01,cancels,72,80,71,0.8875,0.9861111111111112,0.1388888888888889,6,0.023166023166023165,0.6128472222222222,0.9716088328075709,0.1583011583011583
margin,0.01,completes,70,76,69,0.9078947368421053,0.9857142857142858,0.13194444444444445,7,0.02702702702702703,0.6128472222222222,0.9716088328075709,0.1583011583011583
margin,0.01,reinstates,69,70,68,0.9714285714285714,0.9855072463768116,0.12152777777777778,2,0.007722007722007722,0.6128472222222222,0.9716088328075709,0.1583011583011583
margin,0.02,supersedes,106,127,100,0.7874015748031497,0.9433962264150944,0.2204861111111111,26,0.10038610038610038,0.6128472222222222,0.9716088328075709,0.1583011583011583
margin,0.02,cancels,72,80,71,0.8875,0.9861111111111112,0.1388888888888889,6,0.023166023166023165,0.6128472222222222,0.9716088328075709,0.1583011583011583
margin,0.02,completes,70,76,69,0.9078947368421053,0.9857142857142858,0.13194444444444445,7,0.02702702702702703,0.6128472222222222,0.9716088328075709,0.1583011583011583
margin,0.02,reinstates,69,70,68,0.9714285714285714,0.9855072463768116,0.12152777777777778,2,0.007722007722007722,0.6128472222222222,0.9716088328075709,0.1583011583011583
margin,0.03,supersedes,106,127,100,0.7874015748031497,0.9433962264150944,0.2204861111111111,26,0.10038610038610038,0.6128472222222222,0.9716088328075709,0.1583011583011583
margin,0.03,cancels,72,80,71,0.8875,0.9861111111111112,0.1388888888888889,6,0.023166023166023165,0.6128472222222222,0.9716088328075709,0.1583011583011583
margin,0.03,completes,70,76,69,0.9078947368421053,0.9857142857142858,0.13194444444444445,7,0.02702702702702703,0.6128472222222222,0.9716088328075709,0.1583011583011583
margin,0.03,reinstates,69,70,68,0.9714285714285714,0.9855072463768116,0.12152777777777778,2,0.007722007722007722,0.6128472222222222,0.9716088328075709,0.1583011583011583
margin,0.04,supersedes,106,127,100,0.7874015748031497,0.9433962264150944,0.2204861111111111,26,0.10038610038610038,0.6128472222222222,0.9716088328075709,0.1583011583011583
margin,0.04,cancels,72,80,71,0.8875,0.9861111111111112,0.1388888888888889,6,0.023166023166023165,0.6128472222222222,0.9716088328075709,0.1583011583011583
margin,0.04,completes,70,76,69,0.9078947368421053,0.9857142857142858,0.13194444444444445,7,0.02702702702702703,0.6128472222222222,0.9716088328075709,0.1583011583011583
margin,0.04,reinstates,69,70,68,0.9714285714285714,0.9855072463768116,0.12152777777777778,2,0.007722007722007722,0.6128472222222222,0.9716088328075709,0.1583011583011583
margin,0.05,supersedes,106,127,100,0.7874015748031497,0.9433962264150944,0.2204861111111111,26,0.10038610038610038,0.6128472222222222,0.9716088328075709,0.1583011583011583
margin,0.05,cancels,72,80,71,0.8875,0.9861111111111112,0.1388888888888889,6,0.023166023166023165,0.6128472222222222,0.9716088328075709,0.1583011583011583
margin,0.05,completes,70,76,69,0.9078947368421053,0.9857142857142858,0.13194444444444445,7,0.02702702702702703,0.6128472222222222,0.9716088328075709,0.1583011583011583
margin,0.05,reinstates,69,70,68,0.9714285714285714,0.9855072463768116,0.12152777777777778,2,0.007722007722007722,0.6128472222222222,0.9716088328075709,0.1583011583011583
margin,0.06,supersedes,106,125,99,0.792,0.9339622641509434,0.2170138888888889,25,0.09652509652509653,0.6059027777777778,0.9684542586750788,0.15057915057915058
margin,0.06,cancels,72,79,71,0.8987341772151899,0.9861111111111112,0.1371527777777778,6,0.023166023166023165,0.6059027777777778,0.9684542586750788,0.15057915057915058
margin,0.06,completes,70,76,69,0.9078947368421053,0.9857142857142858,0.13194444444444445,7,0.02702702702702703,0.6059027777777778,0.9684542586750788,0.15057915057915058
margin,0.06,reinstates,69,69,68,0.9855072463768116,0.9855072463768116,0.11979166666666667,1,0.003861003861003861,0.6059027777777778,0.9684542586750788,0.15057915057915058
margin,0.07,supersedes,106,125,99,0.792,0.9339622641509434,0.2170138888888889,25,0.09652509652509653,0.6059027777777778,0.9684542586750788,0.15057915057915058
margin,0.07,cancels,72,79,71,0.8987341772151899,0.9861111111111112,0.1371527777777778,6,0.023166023166023165,0.6059027777777778,0.9684542586750788,0.15057915057915058
margin,0.07,completes,70,76,69,0.9078947368421053,0.9857142857142858,0.13194444444444445,7,0.02702702702702703,0.6059027777777778,0.9684542586750788,0.15057915057915058
margin,0.07,reinstates,69,69,68,0.9855072463768116,0.9855072463768116,0.11979166666666667,1,0.003861003861003861,0.6059027777777778,0.9684542586750788,0.15057915057915058
margin,0.08,supersedes,106,125,99,0.792,0.9339622641509434,0.2170138888888889,25,0.09652509652509653,0.6059027777777778,0.9684542586750788,0.15057915057915058
margin,0.08,cancels,72,79,71,0.8987341772151899,0.9861111111111112,0.1371527777777778,6,0.023166023166023165,0.6059027777777778,0.9684542586750788,0.15057915057915058
margin,0.08,completes,70,76,69,0.9078947368421053,0.9857142857142858,0.13194444444444445,7,0.02702702702702703,0.6059027777777778,0.9684542586750788,0.15057915057915058
margin,0.08,reinstates,69,69,68,0.9855072463768116,0.9855072463768116,0.11979166666666667,1,0.003861003861003861,0.6059027777777778,0.9684542586750788,0.15057915057915058
margin,0.09,supersedes,106,124,98,0.7903225806451613,0.9245283018867925,0.2152777777777778,25,0.09652509652509653,0.6041666666666666,0.9652996845425867,0.15057915057915058
margin,0.09,cancels,72,79,71,0.8987341772151899,0.9861111111111112,0.1371527777777778,6,0.023166023166023165,0.6041666666666666,0.9652996845425867,0.15057915057915058
margin,0.09,completes,70,76,69,0.9078947368421053,0.9857142857142858,0.13194444444444445,7,0.02702702702702703,0.6041666666666666,0.9652996845425867,0.15057915057915058
margin,0.09,reinstates,69,69,68,0.9855072463768116,0.9855072463768116,0.11979166666666667,1,0.003861003861003861,0.6041666666666666,0.9652996845425867,0.15057915057915058
margin,0.1,supersedes,106,124,98,0.7903225806451613,0.9245283018867925,0.2152777777777778,25,0.09652509652509653,0.6041666666666666,0.9652996845425867,0.15057915057915058
margin,0.1,cancels,72,79,71,0.8987341772151899,0.9861111111111112,0.1371527777777778,6,0.023166023166023165,0.6041666666666666,0.9652996845425867,0.15057915057915058
margin,0.1,completes,70,76,69,0.9078947368421053,0.9857142857142858,0.13194444444444445,7,0.02702702702702703,0.6041666666666666,0.9652996845425867,0.15057915057915058
margin,0.1,reinstates,69,69,68,0.9855072463768116,0.9855072463768116,0.11979166666666667,1,0.003861003861003861,0.6041666666666666,0.9652996845425867,0.15057915057915058
margin,0.11,supersedes,106,124,98,0.7903225806451613,0.9245283018867925,0.2152777777777778,25,0.09652509652509653,0.6041666666666666,0.9652996845425867,0.15057915057915058
margin,0.11,cancels,72,79,71,0.8987341772151899,0.9861111111111112,0.1371527777777778,6,0.023166023166023165,0.6041666666666666,0.9652996845425867,0.15057915057915058
margin,0.11,completes,70,76,69,0.9078947368421053,0.9857142857142858,0.13194444444444445,7,0.02702702702702703,0.6041666666666666,0.9652996845425867,0.15057915057915058
margin,0.11,reinstates,69,69,68,0.9855072463768116,0.9855072463768116,0.11979166666666667,1,0.003861003861003861,0.6041666666666666,0.9652996845425867,0.15057915057915058
margin,0.12,supersedes,106,124,98,0.7903225806451613,0.9245283018867925,0.2152777777777778,25,0.09652509652509653,0.6041666666666666,0.9652996845425867,0.15057915057915058
margin,0.12,cancels,72,79,71,0.8987341772151899,0.9861111111111112,0.1371527777777778,6,0.023166023166023165,0.6041666666666666,0.9652996845425867,0.15057915057915058
margin,0.12,completes,70,76,69,0.9078947368421053,0.9857142857142858,0.13194444444444445,7,0.02702702702702703,0.6041666666666666,0.9652996845425867,0.15057915057915058
margin,0.12,reinstates,69,69,68,0.9855072463768116,0.9855072463768116,0.11979166666666667,1,0.003861003861003861,0.6041666666666666,0.9652996845425867,0.15057915057915058
margin,0.13,supersedes,106,124,98,0.7903225806451613,0.9245283018867925,0.2152777777777778,25,0.09652509652509653,0.6041666666666666,0.9652996845425867,0.15057915057915058
margin,0.13,cancels,72,79,71,0.8987341772151899,0.9861111111111112,0.1371527777777778,6,0.023166023166023165,0.6041666666666666,0.9652996845425867,0.15057915057915058
margin,0.13,completes,70,76,69,0.9078947368421053,0.9857142857142858,0.13194444444444445,7,0.02702702702702703,0.6041666666666666,0.9652996845425867,0.15057915057915058
margin,0.13,reinstates,69,69,68,0.9855072463768116,0.9855072463768116,0.11979166666666667,1,0.003861003861003861,0.6041666666666666,0.9652996845425867,0.15057915057915058
margin,0.14,supersedes,106,124,98,0.7903225806451613,0.9245283018867925,0.2152777777777778,25,0.09652509652509653,0.6041666666666666,0.9652996845425867,0.15057915057915058
margin,0.14,cancels,72,79,71,0.8987341772151899,0.9861111111111112,0.1371527777777778,6,0.023166023166023165,0.6041666666666666,0.9652996845425867,0.15057915057915058
margin,0.14,completes,70,76,69,0.9078947368421053,0.9857142857142858,0.13194444444444445,7,0.02702702702702703,0.6041666666666666,0.9652996845425867,0.15057915057915058
margin,0.14,reinstates,69,69,68,0.9855072463768116,0.9855072463768116,0.11979166666666667,1,0.003861003861003861,0.6041666666666666,0.9652996845425867,0.15057915057915058
margin,0.15,supersedes,106,124,98,0.7903225806451613,0.9245283018867925,0.2152777777777778,25,0.09652509652509653,0.6041666666666666,0.9652996845425867,0.15057915057915058
margin,0.15,cancels,72,79,71,0.8987341772151899,0.9861111111111112,0.1371527777777778,6,0.023166023166023165,0.6041666666666666,0.9652996845425867,0.15057915057915058
margin,0.15,completes,70,76,69,0.9078947368421053,0.9857142857142858,0.13194444444444445,7,0.02702702702702703,0.6041666666666666,0.9652996845425867,0.15057915057915058
margin,0.15,reinstates,69,69,68,0.9855072463768116,0.9855072463768116,0.11979166666666667,1,0.003861003861003861,0.6041666666666666,0.9652996845425867,0.15057915057915058
margin,0.16,supersedes,106,124,98,0.7903225806451613,0.9245283018867925,0.2152777777777778,25,0.09652509652509653,0.6041666666666666,0.9652996845425867,0.15057915057915058
margin,0.16,cancels,72,79,71,0.8987341772151899,0.9861111111111112,0.1371527777777778,6,0.023166023166023165,0.6041666666666666,0.9652996845425867,0.15057915057915058
margin,0.16,completes,70,76,69,0.9078947368421053,0.9857142857142858,0.13194444444444445,7,0.02702702702702703,0.6041666666666666,0.9652996845425867,0.15057915057915058
margin,0.16,reinstates,69,69,68,0.9855072463768116,0.9855072463768116,0.11979166666666667,1,0.003861003861003861,0.6041666666666666,0.9652996845425867,0.15057915057915058
margin,0.17,supersedes,106,124,98,0.7903225806451613,0.9245283018867925,0.2152777777777778,25,0.09652509652509653,0.6041666666666666,0.9652996845425867,0.15057915057915058
margin,0.17,cancels,72,79,71,0.8987341772151899,0.9861111111111112,0.1371527777777778,6,0.023166023166023165,0.6041666666666666,0.9652996845425867,0.15057915057915058
margin,0.17,completes,70,76,69,0.9078947368421053,0.9857142857142858,0.13194444444444445,7,0.02702702702702703,0.6041666666666666,0.9652996845425867,0.15057915057915058
margin,0.17,reinstates,69,69,68,0.9855072463768116,0.9855072463768116,0.11979166666666667,1,0.003861003861003861,0.6041666666666666,0.9652996845425867,0.15057915057915058
margin,0.18,supersedes,106,123,98,0.7967479674796748,0.9245283018867925,0.21354166666666666,24,0.09266409266409266,0.6024305555555556,0.9652996845425867,0.14671814671814673
margin,0.18,cancels,72,79,71,0.8987341772151899,0.9861111111111112,0.1371527777777778,6,0.023166023166023165,0.6024305555555556,0.9652996845425867,0.14671814671814673
margin,0.18,completes,70,76,69,0.9078947368421053,0.9857142857142858,0.13194444444444445,7,0.02702702702702703,0.6024305555555556,0.9652996845425867,0.14671814671814673
margin,0.18,reinstates,69,69,68,0.9855072463768116,0.9855072463768116,0.11979166666666667,1,0.003861003861003861,0.6024305555555556,0.9652996845425867,0.14671814671814673
margin,0.19,supersedes,106,123,98,0.7967479674796748,0.9245283018867925,0.21354166666666666,24,0.09266409266409266,0.6024305555555556,0.9652996845425867,0.14671814671814673
margin,0.19,cancels,72,79,71,0.8987341772151899,0.9861111111111112,0.1371527777777778,6,0.023166023166023165,0.6024305555555556,0.9652996845425867,0.14671814671814673
margin,0.19,completes,70,76,69,0.9078947368421053,0.9857142857142858,0.13194444444444445,7,0.02702702702702703,0.6024305555555556,0.9652996845425867,0.14671814671814673
margin,0.19,reinstates,69,69,68,0.9855072463768116,0.9855072463768116,0.11979166666666667,1,0.003861003861003861,0.6024305555555556,0.9652996845425867,0.14671814671814673
margin,0.2,supersedes,106,122,97,0.7950819672131147,0.9150943396226415,0.21180555555555555,24,0.09266409266409266,0.6006944444444444,0.9621451104100947,0.14671814671814673
margin,0.2,cancels,72,79,71,0.8987341772151899,0.9861111111111112,0.1371527777777778,6,0.023166023166023165,0.6006944444444444,0.9621451104100947,0.14671814671814673
margin,0.2,completes,70,76,69,0.9078947368421053,0.9857142857142858,0.13194444444444445,7,0.02702702702702703,0.6006944444444444,0.9621451104100947,0.14671814671814673
margin,0.2,reinstates,69,69,68,0.9855072463768116,0.9855072463768116,0.11979166666666667,1,0.003861003861003861,0.6006944444444444,0.9621451104100947,0.14671814671814673
margin,0.21,supersedes,106,122,97,0.7950819672131147,0.9150943396226415,0.21180555555555555,24,0.09266409266409266,0.6006944444444444,0.9621451104100947,0.14671814671814673
margin,0.21,cancels,72,79,71,0.8987341772151899,0.9861111111111112,0.1371527777777778,6,0.023166023166023165,0.6006944444444444,0.9621451104100947,0.14671814671814673
margin,0.21,completes,70,76,69,0.9078947368421053,0.9857142857142858,0.13194444444444445,7,0.02702702702702703,0.6006944444444444,0.9621451104100947,0.14671814671814673
margin,0.21,reinstates,69,69,68,0.9855072463768116,0.9855072463768116,0.11979166666666667,1,0.003861003861003861,0.6006944444444444,0.9621451104100947,0.14671814671814673
margin,0.22,supersedes,106,122,97,0.7950819672131147,0.9150943396226415,0.21180555555555555,24,0.09266409266409266,0.6006944444444444,0.9621451104100947,0.14671814671814673
margin,0.22,cancels,72,79,71,0.8987341772151899,0.9861111111111112,0.1371527777777778,6,0.023166023166023165,0.6006944444444444,0.9621451104100947,0.14671814671814673
margin,0.22,completes,70,76,69,0.9078947368421053,0.9857142857142858,0.13194444444444445,7,0.02702702702702703,0.6006944444444444,0.9621451104100947,0.14671814671814673
margin,0.22,reinstates,69,69,68,0.9855072463768116,0.9855072463768116,0.11979166666666667,1,0.003861003861003861,0.6006944444444444,0.9621451104100947,0.14671814671814673
margin,0.23,supersedes,106,122,97,0.7950819672131147,0.9150943396226415,0.21180555555555555,24,0.09266409266409266,0.6006944444444444,0.9621451104100947,0.14671814671814673
margin,0.23,cancels,72,79,71,0.8987341772151899,0.9861111111111112,0.1371527777777778,6,0.023166023166023165,0.6006944444444444,0.9621451104100947,0.14671814671814673
margin,0.23,completes,70,76,69,0.9078947368421053,0.9857142857142858,0.13194444444444445,7,0.02702702702702703,0.6006944444444444,0.9621451104100947,0.14671814671814673
margin,0.23,reinstates,69,69,68,0.9855072463768116,0.9855072463768116,0.11979166666666667,1,0.003861003861003861,0.6006944444444444,0.9621451104100947,0.14671814671814673
margin,0.24,supersedes,106,122,97,0.7950819672131147,0.9150943396226415,0.21180555555555555,24,0.09266409266409266,0.6006944444444444,0.9621451104100947,0.14671814671814673
margin,0.24,cancels,72,79,71,0.8987341772151899,0.9861111111111112,0.1371527777777778,6,0.023166023166023165,0.6006944444444444,0.9621451104100947,0.14671814671814673
margin,0.24,completes,70,76,69,0.9078947368421053,0.9857142857142858,0.13194444444444445,7,0.02702702702702703,0.6006944444444444,0.9621451104100947,0.14671814671814673
margin,0.24,reinstates,69,69,68,0.9855072463768116,0.9855072463768116,0.11979166666666667,1,0.003861003861003861,0.6006944444444444,0.9621451104100947,0.14671814671814673
margin,0.25,supersedes,106,121,96,0.7933884297520661,0.9056603773584906,0.21006944444444445,24,0.09266409266409266,0.5989583333333334,0.9589905362776026,0.14671814671814673
margin,0.25,cancels,72,79,71,0.8987341772151899,0.9861111111111112,0.1371527777777778,6,0.023166023166023165,0.5989583333333334,0.9589905362776026,0.14671814671814673
margin,0.25,completes,70,76,69,0.9078947368421053,0.9857142857142858,0.13194444444444445,7,0.02702702702702703,0.5989583333333334,0.9589905362776026,0.14671814671814673
margin,0.25,reinstates,69,69,68,0.9855072463768116,0.9855072463768116,0.11979166666666667,1,0.003861003861003861,0.5989583333333334,0.9589905362776026,0.14671814671814673
margin,0.26,supersedes,106,120,95,0.7916666666666666,0.8962264150943396,0.20833333333333334,24,0.09266409266409266,0.5954861111111112,0.9558359621451105,0.14285714285714285
margin,0.26,cancels,72,78,71,0.9102564102564102,0.9861111111111112,0.13541666666666666,5,0.019305019305019305,0.5954861111111112,0.9558359621451105,0.14285714285714285
margin,0.26,completes,70,76,69,0.9078947368421053,0.9857142857142858,0.13194444444444445,7,0.02702702702702703,0.5954861111111112,0.9558359621451105,0.14285714285714285
margin,0.26,reinstates,69,69,68,0.9855072463768116,0.9855072463768116,0.11979166666666667,1,0.003861003861003861,0.5954861111111112,0.9558359621451105,0.14285714285714285
margin,0.27,supersedes,106,120,95,0.7916666666666666,0.8962264150943396,0.20833333333333334,24,0.09266409266409266,0.5954861111111112,0.9558359621451105,0.14285714285714285
margin,0.27,cancels,72,78,71,0.9102564102564102,0.9861111111111112,0.13541666666666666,5,0.019305019305019305,0.5954861111111112,0.9558359621451105,0.14285714285714285
margin,0.27,completes,70,76,69,0.9078947368421053,0.9857142857142858,0.13194444444444445,7,0.02702702702702703,0.5954861111111112,0.9558359621451105,0.14285714285714285
margin,0.27,reinstates,69,69,68,0.9855072463768116,0.9855072463768116,0.11979166666666667,1,0.003861003861003861,0.5954861111111112,0.9558359621451105,0.14285714285714285
margin,0.28,supersedes,106,120,95,0.7916666666666666,0.8962264150943396,0.20833333333333334,24,0.09266409266409266,0.5954861111111112,0.9558359621451105,0.14285714285714285
margin,0.28,cancels,72,78,71,0.9102564102564102,0.9861111111111112,0.13541666666666666,5,0.019305019305019305,0.5954861111111112,0.9558359621451105,0.14285714285714285
margin,0.28,completes,70,76,69,0.9078947368421053,0.9857142857142858,0.13194444444444445,7,0.02702702702702703,0.5954861111111112,0.9558359621451105,0.14285714285714285
margin,0.28,reinstates,69,69,68,0.9855072463768116,0.9855072463768116,0.11979166666666667,1,0.003861003861003861,0.5954861111111112,0.9558359621451105,0.14285714285714285
margin,0.29,supersedes,106,120,95,0.7916666666666666,0.8962264150943396,0.20833333333333334,24,0.09266409266409266,0.5954861111111112,0.9558359621451105,0.14285714285714285
margin,0.29,cancels,72,78,71,0.9102564102564102,0.9861111111111112,0.13541666666666666,5,0.019305019305019305,0.5954861111111112,0.9558359621451105,0.14285714285714285
margin,0.29,completes,70,76,69,0.9078947368421053,0.9857142857142858,0.13194444444444445,7,0.02702702702702703,0.5954861111111112,0.9558359621451105,0.14285714285714285
margin,0.29,reinstates,69,69,68,0.9855072463768116,0.9855072463768116,0.11979166666666667,1,0.003861003861003861,0.5954861111111112,0.9558359621451105,0.14285714285714285
margin,0.3,supersedes,106,118,95,0.8050847457627118,0.8962264150943396,0.2048611111111111,22,0.08494208494208494,0.5920138888888888,0.9558359621451105,0.13513513513513514
margin,0.3,cancels,72,78,71,0.9102564102564102,0.9861111111111112,0.13541666666666666,5,0.019305019305019305,0.5920138888888888,0.9558359621451105,0.13513513513513514
margin,0.3,completes,70,76,69,0.9078947368421053,0.9857142857142858,0.13194444444444445,7,0.02702702702702703,0.5920138888888888,0.9558359621451105,0.13513513513513514
margin,0.3,reinstates,69,69,68,0.9855072463768116,0.9855072463768116,0.11979166666666667,1,0.003861003861003861,0.5920138888888888,0.9558359621451105,0.13513513513513514
margin,0.31,supersedes,106,118,95,0.8050847457627118,0.8962264150943396,0.2048611111111111,22,0.08494208494208494,0.5902777777777778,0.9526813880126183,0.13513513513513514
margin,0.31,cancels,72,78,71,0.9102564102564102,0.9861111111111112,0.13541666666666666,5,0.019305019305019305,0.5902777777777778,0.9526813880126183,0.13513513513513514
margin,0.31,completes,70,76,69,0.9078947368421053,0.9857142857142858,0.13194444444444445,7,0.02702702702702703,0.5902777777777778,0.9526813880126183,0.13513513513513514
margin,0.31,reinstates,69,68,67,0.9852941176470589,0.9710144927536232,0.11805555555555555,1,0.003861003861003861,0.5902777777777778,0.9526813880126183,0.13513513513513514
margin,0.32,supersedes,106,118,95,0.8050847457627118,0.8962264150943396,0.2048611111111111,22,0.08494208494208494,0.5902777777777778,0.9526813880126183,0.13513513513513514
margin,0.32,cancels,72,78,71,0.9102564102564102,0.9861111111111112,0.13541666666666666,5,0.019305019305019305,0.5902777777777778,0.9526813880126183,0.13513513513513514
margin,0.32,completes,70,76,69,0.9078947368421053,0.9857142857142858,0.13194444444444445,7,0.02702702702702703,0.5902777777777778,0.9526813880126183,0.13513513513513514
margin,0.32,reinstates,69,68,67,0.9852941176470589,0.9710144927536232,0.11805555555555555,1,0.003861003861003861,0.5902777777777778,0.9526813880126183,0.13513513513513514
margin,0.33,supersedes,106,118,95,0.8050847457627118,0.8962264150943396,0.2048611111111111,22,0.08494208494208494,0.5885416666666666,0.9495268138801262,0.13513513513513514
margin,0.33,cancels,72,77,70,0.9090909090909091,0.9722222222222222,0.13368055555555555,5,0.019305019305019305,0.5885416666666666,0.9495268138801262,0.13513513513513514
margin,0.33,completes,70,76,69,0.9078947368421053,0.9857142857142858,0.13194444444444445,7,0.02702702702702703,0.5885416666666666,0.9495268138801262,0.13513513513513514
margin,0.33,reinstates,69,68,67,0.9852941176470589,0.9710144927536232,0.11805555555555555,1,0.003861003861003861,0.5885416666666666,0.9495268138801262,0.13513513513513514
margin,0.34,supersedes,106,118,95,0.8050847457627118,0.8962264150943396,0.2048611111111111,22,0.08494208494208494,0.5885416666666666,0.9495268138801262,0.13513513513513514
margin,0.34,cancels,72,77,70,0.9090909090909091,0.9722222222222222,0.13368055555555555,5,0.019305019305019305,0.5885416666666666,0.9495268138801262,0.13513513513513514
margin,0.34,completes,70,76,69,0.9078947368421053,0.9857142857142858,0.13194444444444445,7,0.02702702702702703,0.5885416666666666,0.9495268138801262,0.13513513513513514
margin,0.34,reinstates,69,68,67,0.9852941176470589,0.9710144927536232,0.11805555555555555,1,0.003861003861003861,0.5885416666666666,0.9495268138801262,0.13513513513513514
margin,0.35,supersedes,106,118,95,0.8050847457627118,0.8962264150943396,0.2048611111111111,22,0.08494208494208494,0.5885416666666666,0.9495268138801262,0.13513513513513514
margin,0.35,cancels,72,77,70,0.9090909090909091,0.9722222222222222,0.13368055555555555,5,0.019305019305019305,0.5885416666666666,0.9495268138801262,0.13513513513513514
margin,0.35,completes,70,76,69,0.9078947368421053,0.9857142857142858,0.13194444444444445,7,0.02702702702702703,0.5885416666666666,0.9495268138801262,0.13513513513513514
margin,0.35,reinstates,69,68,67,0.9852941176470589,0.9710144927536232,0.11805555555555555,1,0.003861003861003861,0.5885416666666666,0.9495268138801262,0.13513513513513514
margin,0.36,supersedes,106,117,95,0.811965811965812,0.8962264150943396,0.203125,22,0.08494208494208494,0.5850694444444444,0.9463722397476341,0.13513513513513514
margin,0.36,cancels,72,77,70,0.9090909090909091,0.9722222222222222,0.13368055555555555,5,0.019305019305019305,0.5850694444444444,0.9463722397476341,0.13513513513513514
margin,0.36,completes,70,75,68,0.9066666666666666,0.9714285714285714,0.13020833333333334,7,0.02702702702702703,0.5850694444444444,0.9463722397476341,0.13513513513513514
margin,0.36,reinstates,69,68,67,0.9852941176470589,0.9710144927536232,0.11805555555555555,1,0.003861003861003861,0.5850694444444444,0.9463722397476341,0.13513513513513514
margin,0.37,supersedes,106,117,95,0.811965811965812,0.8962264150943396,0.203125,22,0.08494208494208494,0.5850694444444444,0.9463722397476341,0.13513513513513514
margin,0.37,cancels,72,77,70,0.9090909090909091,0.9722222222222222,0.13368055555555555,5,0.019305019305019305,0.5850694444444444,0.9463722397476341,0.13513513513513514
margin,0.37,completes,70,75,68,0.9066666666666666,0.9714285714285714,0.13020833333333334,7,0.02702702702702703,0.5850694444444444,0.9463722397476341,0.13513513513513514
margin,0.37,reinstates,69,68,67,0.9852941176470589,0.9710144927536232,0.11805555555555555,1,0.003861003861003861,0.5850694444444444,0.9463722397476341,0.13513513513513514
margin,0.38,supersedes,106,117,95,0.811965811965812,0.8962264150943396,0.203125,22,0.08494208494208494,0.5833333333333334,0.9463722397476341,0.13513513513513514
margin,0.38,cancels,72,76,70,0.9210526315789473,0.9722222222222222,0.13194444444444445,5,0.019305019305019305,0.5833333333333334,0.9463722397476341,0.13513513513513514
margin,0.38,completes,70,75,68,0.9066666666666666,0.9714285714285714,0.13020833333333334,7,0.02702702702702703,0.5833333333333334,0.9463722397476341,0.13513513513513514
margin,0.38,reinstates,69,68,67,0.9852941176470589,0.9710144927536232,0.11805555555555555,1,0.003861003861003861,0.5833333333333334,0.9463722397476341,0.13513513513513514
margin,0.39,supersedes,106,117,95,0.811965811965812,0.8962264150943396,0.203125,22,0.08494208494208494,0.5833333333333334,0.9463722397476341,0.13513513513513514
margin,0.39,cancels,72,76,70,0.9210526315789473,0.9722222222222222,0.13194444444444445,5,0.019305019305019305,0.5833333333333334,0.9463722397476341,0.13513513513513514
margin,0.39,completes,70,75,68,0.9066666666666666,0.9714285714285714,0.13020833333333334,7,0.02702702702702703,0.5833333333333334,0.9463722397476341,0.13513513513513514
margin,0.39,reinstates,69,68,67,0.9852941176470589,0.9710144927536232,0.11805555555555555,1,0.003861003861003861,0.5833333333333334,0.9463722397476341,0.13513513513513514
margin,0.4,supersedes,106,117,95,0.811965811965812,0.8962264150943396,0.203125,22,0.08494208494208494,0.5833333333333334,0.9463722397476341,0.13513513513513514
margin,0.4,cancels,72,76,70,0.9210526315789473,0.9722222222222222,0.13194444444444445,5,0.019305019305019305,0.5833333333333334,0.9463722397476341,0.13513513513513514
margin,0.4,completes,70,75,68,0.9066666666666666,0.9714285714285714,0.13020833333333334,7,0.02702702702702703,0.5833333333333334,0.9463722397476341,0.13513513513513514
margin,0.4,reinstates,69,68,67,0.9852941176470589,0.9710144927536232,0.11805555555555555,1,0.003861003861003861,0.5833333333333334,0.9463722397476341,0.13513513513513514
margin,0.41,supersedes,106,117,95,0.811965811965812,0.8962264150943396,0.203125,22,0.08494208494208494,0.5833333333333334,0.9463722397476341,0.13513513513513514
margin,0.41,cancels,72,76,70,0.9210526315789473,0.9722222222222222,0.13194444444444445,5,0.019305019305019305,0.5833333333333334,0.9463722397476341,0.13513513513513514
margin,0.41,completes,70,75,68,0.9066666666666666,0.9714285714285714,0.13020833333333334,7,0.02702702702702703,0.5833333333333334,0.9463722397476341,0.13513513513513514
margin,0.41,reinstates,69,68,67,0.9852941176470589,0.9710144927536232,0.11805555555555555,1,0.003861003861003861,0.5833333333333334,0.9463722397476341,0.13513513513513514
margin,0.42,supersedes,106,117,95,0.811965811965812,0.8962264150943396,0.203125,22,0.08494208494208494,0.5833333333333334,0.9463722397476341,0.13513513513513514
margin,0.42,cancels,72,76,70,0.9210526315789473,0.9722222222222222,0.13194444444444445,5,0.019305019305019305,0.5833333333333334,0.9463722397476341,0.13513513513513514
margin,0.42,completes,70,75,68,0.9066666666666666,0.9714285714285714,0.13020833333333334,7,0.02702702702702703,0.5833333333333334,0.9463722397476341,0.13513513513513514
margin,0.42,reinstates,69,68,67,0.9852941176470589,0.9710144927536232,0.11805555555555555,1,0.003861003861003861,0.5833333333333334,0.9463722397476341,0.13513513513513514
margin,0.43,supersedes,106,117,95,0.811965811965812,0.8962264150943396,0.203125,22,0.08494208494208494,0.5833333333333334,0.9463722397476341,0.13513513513513514
margin,0.43,cancels,72,76,70,0.9210526315789473,0.9722222222222222,0.13194444444444445,5,0.019305019305019305,0.5833333333333334,0.9463722397476341,0.13513513513513514
margin,0.43,completes,70,75,68,0.9066666666666666,0.9714285714285714,0.13020833333333334,7,0.02702702702702703,0.5833333333333334,0.9463722397476341,0.13513513513513514
margin,0.43,reinstates,69,68,67,0.9852941176470589,0.9710144927536232,0.11805555555555555,1,0.003861003861003861,0.5833333333333334,0.9463722397476341,0.13513513513513514
margin,0.44,supersedes,106,117,95,0.811965811965812,0.8962264150943396,0.203125,22,0.08494208494208494,0.5833333333333334,0.9463722397476341,0.13513513513513514
margin,0.44,cancels,72,76,70,0.9210526315789473,0.9722222222222222,0.13194444444444445,5,0.019305019305019305,0.5833333333333334,0.9463722397476341,0.13513513513513514
margin,0.44,completes,70,75,68,0.9066666666666666,0.9714285714285714,0.13020833333333334,7,0.02702702702702703,0.5833333333333334,0.9463722397476341,0.13513513513513514
margin,0.44,reinstates,69,68,67,0.9852941176470589,0.9710144927536232,0.11805555555555555,1,0.003861003861003861,0.5833333333333334,0.9463722397476341,0.13513513513513514
margin,0.45,supersedes,106,117,95,0.811965811965812,0.8962264150943396,0.203125,22,0.08494208494208494,0.5833333333333334,0.9463722397476341,0.13513513513513514
margin,0.45,cancels,72,76,70,0.9210526315789473,0.9722222222222222,0.13194444444444445,5,0.019305019305019305,0.5833333333333334,0.9463722397476341,0.13513513513513514
margin,0.45,completes,70,75,68,0.9066666666666666,0.9714285714285714,0.13020833333333334,7,0.02702702702702703,0.5833333333333334,0.9463722397476341,0.13513513513513514
margin,0.45,reinstates,69,68,67,0.9852941176470589,0.9710144927536232,0.11805555555555555,1,0.003861003861003861,0.5833333333333334,0.9463722397476341,0.13513513513513514
margin,0.46,supersedes,106,116,94,0.8103448275862069,0.8867924528301887,0.2013888888888889,22,0.08494208494208494,0.5815972222222222,0.943217665615142,0.13513513513513514
margin,0.46,cancels,72,76,70,0.9210526315789473,0.9722222222222222,0.13194444444444445,5,0.019305019305019305,0.5815972222222222,0.943217665615142,0.13513513513513514
margin,0.46,completes,70,75,68,0.9066666666666666,0.9714285714285714,0.13020833333333334,7,0.02702702702702703,0.5815972222222222,0.943217665615142,0.13513513513513514
margin,0.46,reinstates,69,68,67,0.9852941176470589,0.9710144927536232,0.11805555555555555,1,0.003861003861003861,0.5815972222222222,0.943217665615142,0.13513513513513514
margin,0.47,supersedes,106,116,94,0.8103448275862069,0.8867924528301887,0.2013888888888889,22,0.08494208494208494,0.5815972222222222,0.943217665615142,0.13513513513513514
margin,0.47,cancels,72,76,70,0.9210526315789473,0.9722222222222222,0.13194444444444445,5,0.019305019305019305,0.5815972222222222,0.943217665615142,0.13513513513513514
margin,0.47,completes,70,75,68,0.9066666666666666,0.9714285714285714,0.13020833333333334,7,0.02702702702702703,0.5815972222222222,0.943217665615142,0.13513513513513514
margin,0.47,reinstates,69,68,67,0.9852941176470589,0.9710144927536232,0.11805555555555555,1,0.003861003861003861,0.5815972222222222,0.943217665615142,0.13513513513513514
margin,0.48,supersedes,106,115,94,0.8173913043478261,0.8867924528301887,0.1996527777777778,21,0.08108108108108109,0.5798611111111112,0.943217665615142,0.13127413127413126
margin,0.48,cancels,72,76,70,0.9210526315789473,0.9722222222222222,0.13194444444444445,5,0.019305019305019305,0.5798611111111112,0.943217665615142,0.13127413127413126
margin,0.48,completes,70,75,68,0.9066666666666666,0.9714285714285714,0.13020833333333334,7,0.02702702702702703,0.5798611111111112,0.943217665615142,0.13127413127413126
margin,0.48,reinstates,69,68,67,0.9852941176470589,0.9710144927536232,0.11805555555555555,1,0.003861003861003861,0.5798611111111112,0.943217665615142,0.13127413127413126
margin,0.49,supersedes,106,115,94,0.8173913043478261,0.8867924528301887,0.1996527777777778,21,0.08108108108108109,0.5798611111111112,0.943217665615142,0.13127413127413126
margin,0.49,cancels,72,76,70,0.9210526315789473,0.9722222222222222,0.13194444444444445,5,0.019305019305019305,0.5798611111111112,0.943217665615142,0.13127413127413126
margin,0.49,completes,70,75,68,0.9066666666666666,0.9714285714285714,0.13020833333333334,7,0.02702702702702703,0.5798611111111112,0.943217665615142,0.13127413127413126
margin,0.49,reinstates,69,68,67,0.9852941176470589,0.9710144927536232,0.11805555555555555,1,0.003861003861003861,0.5798611111111112,0.943217665615142,0.13127413127413126
margin,0.5,supersedes,106,115,94,0.8173913043478261,0.8867924528301887,0.1996527777777778,21,0.08108108108108109,0.5798611111111112,0.943217665615142,0.13127413127413126
margin,0.5,cancels,72,76,70,0.9210526315789473,0.9722222222222222,0.13194444444444445,5,0.019305019305019305,0.5798611111111112,0.943217665615142,0.13127413127413126
margin,0.5,completes,70,75,68,0.9066666666666666,0.9714285714285714,0.13020833333333334,7,0.02702702702702703,0.5798611111111112,0.943217665615142,0.13127413127413126
margin,0.5,reinstates,69,68,67,0.9852941176470589,0.9710144927536232,0.11805555555555555,1,0.003861003861003861,0.5798611111111112,0.943217665615142,0.13127413127413126
margin,0.51,supersedes,106,115,94,0.8173913043478261,0.8867924528301887,0.1996527777777778,21,0.08108108108108109,0.5763888888888888,0.9400630914826499,0.13127413127413126
margin,0.51,cancels,72,74,69,0.9324324324324325,0.9583333333333334,0.1284722222222222,5,0.019305019305019305,0.5763888888888888,0.9400630914826499,0.13127413127413126
margin,0.51,completes,70,75,68,0.9066666666666666,0.9714285714285714,0.13020833333333334,7,0.02702702702702703,0.5763888888888888,0.9400630914826499,0.13127413127413126
margin,0.51,reinstates,69,68,67,0.9852941176470589,0.9710144927536232,0.11805555555555555,1,0.003861003861003861,0.5763888888888888,0.9400630914826499,0.13127413127413126
margin,0.52,supersedes,106,115,94,0.8173913043478261,0.8867924528301887,0.1996527777777778,21,0.08108108108108109,0.5763888888888888,0.9400630914826499,0.13127413127413126
margin,0.52,cancels,72,74,69,0.9324324324324325,0.9583333333333334,0.1284722222222222,5,0.019305019305019305,0.5763888888888888,0.9400630914826499,0.13127413127413126
margin,0.52,completes,70,75,68,0.9066666666666666,0.9714285714285714,0.13020833333333334,7,0.02702702702702703,0.5763888888888888,0.9400630914826499,0.13127413127413126
margin,0.52,reinstates,69,68,67,0.9852941176470589,0.9710144927536232,0.11805555555555555,1,0.003861003861003861,0.5763888888888888,0.9400630914826499,0.13127413127413126
margin,0.53,supersedes,106,114,94,0.8245614035087719,0.8867924528301887,0.19791666666666666,20,0.07722007722007722,0.5746527777777778,0.9400630914826499,0.1274131274131274
margin,0.53,cancels,72,74,69,0.9324324324324325,0.9583333333333334,0.1284722222222222,5,0.019305019305019305,0.5746527777777778,0.9400630914826499,0.1274131274131274
margin,0.53,completes,70,75,68,0.9066666666666666,0.9714285714285714,0.13020833333333334,7,0.02702702702702703,0.5746527777777778,0.9400630914826499,0.1274131274131274
margin,0.53,reinstates,69,68,67,0.9852941176470589,0.9710144927536232,0.11805555555555555,1,0.003861003861003861,0.5746527777777778,0.9400630914826499,0.1274131274131274
margin,0.54,supersedes,106,113,93,0.8230088495575221,0.8773584905660378,0.19618055555555555,20,0.07722007722007722,0.5729166666666666,0.9369085173501577,0.1274131274131274
margin,0.54,cancels,72,74,69,0.9324324324324325,0.9583333333333334,0.1284722222222222,5,0.019305019305019305,0.5729166666666666,0.9369085173501577,0.1274131274131274
margin,0.54,completes,70,75,68,0.9066666666666666,0.9714285714285714,0.13020833333333334,7,0.02702702702702703,0.5729166666666666,0.9369085173501577,0.1274131274131274
margin,0.54,reinstates,69,68,67,0.9852941176470589,0.9710144927536232,0.11805555555555555,1,0.003861003861003861,0.5729166666666666,0.9369085173501577,0.1274131274131274
margin,0.55,supersedes,106,113,93,0.8230088495575221,0.8773584905660378,0.19618055555555555,20,0.07722007722007722,0.5729166666666666,0.9369085173501577,0.1274131274131274
margin,0.55,cancels,72,74,69,0.9324324324324325,0.9583333333333334,0.1284722222222222,5,0.019305019305019305,0.5729166666666666,0.9369085173501577,0.1274131274131274
margin,0.55,completes,70,75,68,0.9066666666666666,0.9714285714285714,0.13020833333333334,7,0.02702702702702703,0.5729166666666666,0.9369085173501577,0.1274131274131274
margin,0.55,reinstates,69,68,67,0.9852941176470589,0.9710144927536232,0.11805555555555555,1,0.003861003861003861,0.5729166666666666,0.9369085173501577,0.1274131274131274
margin,0.56,supersedes,106,113,93,0.8230088495575221,0.8773584905660378,0.19618055555555555,20,0.07722007722007722,0.5729166666666666,0.9369085173501577,0.1274131274131274
margin,0.56,cancels,72,74,69,0.9324324324324325,0.9583333333333334,0.1284722222222222,5,0.019305019305019305,0.5729166666666666,0.9369085173501577,0.1274131274131274
margin,0.56,completes,70,75,68,0.9066666666666666,0.9714285714285714,0.13020833333333334,7,0.02702702702702703,0.5729166666666666,0.9369085173501577,0.1274131274131274
margin,0.56,reinstates,69,68,67,0.9852941176470589,0.9710144927536232,0.11805555555555555,1,0.003861003861003861,0.5729166666666666,0.9369085173501577,0.1274131274131274
margin,0.57,supersedes,106,112,93,0.8303571428571429,0.8773584905660378,0.19444444444444445,19,0.07335907335907337,0.5694444444444444,0.9337539432176656,0.12355212355212356
margin,0.57,cancels,72,74,69,0.9324324324324325,0.9583333333333334,0.1284722222222222,5,0.019305019305019305,0.5694444444444444,0.9337539432176656,0.12355212355212356
margin,0.57,completes,70,75,68,0.9066666666666666,0.9714285714285714,0.13020833333333334,7,0.02702702702702703,0.5694444444444444,0.9337539432176656,0.12355212355212356
margin,0.57,reinstates,69,67,66,0.9850746268656716,0.9565217391304348,0.11631944444444445,1,0.003861003861003861,0.5694444444444444,0.9337539432176656,0.12355212355212356
margin,0.58,supersedes,106,112,93,0.8303571428571429,0.8773584905660378,0.19444444444444445,19,0.07335907335907337,0.5694444444444444,0.9337539432176656,0.12355212355212356
margin,0.58,cancels,72,74,69,0.9324324324324325,0.9583333333333334,0.1284722222222222,5,0.019305019305019305,0.5694444444444444,0.9337539432176656,0.12355212355212356
margin,0.58,completes,70,75,68,0.9066666666666666,0.9714285714285714,0.13020833333333334,7,0.02702702702702703,0.5694444444444444,0.9337539432176656,0.12355212355212356
margin,0.58,reinstates,69,67,66,0.9850746268656716,0.9565217391304348,0.11631944444444445,1,0.003861003861003861,0.5694444444444444,0.9337539432176656,0.12355212355212356
margin,0.59,supersedes,106,110,92,0.8363636363636363,0.8679245283018868,0.1909722222222222,18,0.0694980694980695,0.5659722222222222,0.9305993690851735,0.11969111969111969
margin,0.59,cancels,72,74,69,0.9324324324324325,0.9583333333333334,0.1284722222222222,5,0.019305019305019305,0.5659722222222222,0.9305993690851735,0.11969111969111969
margin,0.59,completes,70,75,68,0.9066666666666666,0.9714285714285714,0.13020833333333334,7,0.02702702702702703,0.5659722222222222,0.9305993690851735,0.11969111969111969
margin,0.59,reinstates,69,67,66,0.9850746268656716,0.9565217391304348,0.11631944444444445,1,0.003861003861003861,0.5659722222222222,0.9305993690851735,0.11969111969111969
margin,0.6,supersedes,106,110,92,0.8363636363636363,0.8679245283018868,0.1909722222222222,18,0.0694980694980695,0.5659722222222222,0.9305993690851735,0.11969111969111969
margin,0.6,cancels,72,74,69,0.9324324324324325,0.9583333333333334,0.1284722222222222,5,0.019305019305019305,0.5659722222222222,0.9305993690851735,0.11969111969111969
margin,0.6,completes,70,75,68,0.9066666666666666,0.9714285714285714,0.13020833333333334,7,0.02702702702702703,0.5659722222222222,0.9305993690851735,0.11969111969111969
margin,0.6,reinstates,69,67,66,0.9850746268656716,0.9565217391304348,0.11631944444444445,1,0.003861003861003861,0.5659722222222222,0.9305993690851735,0.11969111969111969
margin,0.61,supersedes,106,110,92,0.8363636363636363,0.8679245283018868,0.1909722222222222,18,0.0694980694980695,0.5659722222222222,0.9305993690851735,0.11969111969111969
margin,0.61,cancels,72,74,69,0.9324324324324325,0.9583333333333334,0.1284722222222222,5,0.019305019305019305,0.5659722222222222,0.9305993690851735,0.11969111969111969
margin,0.61,completes,70,75,68,0.9066666666666666,0.9714285714285714,0.13020833333333334,7,0.02702702702702703,0.5659722222222222,0.9305993690851735,0.11969111969111969
margin,0.61,reinstates,69,67,66,0.9850746268656716,0.9565217391304348,0.11631944444444445,1,0.003861003861003861,0.5659722222222222,0.9305993690851735,0.11969111969111969
margin,0.62,supersedes,106,110,92,0.8363636363636363,0.8679245283018868,0.1909722222222222,18,0.0694980694980695,0.5659722222222222,0.9305993690851735,0.11969111969111969
margin,0.62,cancels,72,74,69,0.9324324324324325,0.9583333333333334,0.1284722222222222,5,0.019305019305019305,0.5659722222222222,0.9305993690851735,0.11969111969111969
margin,0.62,completes,70,75,68,0.9066666666666666,0.9714285714285714,0.13020833333333334,7,0.02702702702702703,0.5659722222222222,0.9305993690851735,0.11969111969111969
margin,0.62,reinstates,69,67,66,0.9850746268656716,0.9565217391304348,0.11631944444444445,1,0.003861003861003861,0.5659722222222222,0.9305993690851735,0.11969111969111969
margin,0.63,supersedes,106,110,92,0.8363636363636363,0.8679245283018868,0.1909722222222222,18,0.0694980694980695,0.5659722222222222,0.9305993690851735,0.11969111969111969
margin,0.63,cancels,72,74,69,0.9324324324324325,0.9583333333333334,0.1284722222222222,5,0.019305019305019305,0.5659722222222222,0.9305993690851735,0.11969111969111969
margin,0.63,completes,70,75,68,0.9066666666666666,0.9714285714285714,0.13020833333333334,7,0.02702702702702703,0.5659722222222222,0.9305993690851735,0.11969111969111969
margin,0.63,reinstates,69,67,66,0.9850746268656716,0.9565217391304348,0.11631944444444445,1,0.003861003861003861,0.5659722222222222,0.9305993690851735,0.11969111969111969
margin,0.64,supersedes,106,110,92,0.8363636363636363,0.8679245283018868,0.1909722222222222,18,0.0694980694980695,0.5659722222222222,0.9305993690851735,0.11969111969111969
margin,0.64,cancels,72,74,69,0.9324324324324325,0.9583333333333334,0.1284722222222222,5,0.019305019305019305,0.5659722222222222,0.9305993690851735,0.11969111969111969
margin,0.64,completes,70,75,68,0.9066666666666666,0.9714285714285714,0.13020833333333334,7,0.02702702702702703,0.5659722222222222,0.9305993690851735,0.11969111969111969
margin,0.64,reinstates,69,67,66,0.9850746268656716,0.9565217391304348,0.11631944444444445,1,0.003861003861003861,0.5659722222222222,0.9305993690851735,0.11969111969111969
margin,0.65,supersedes,106,109,91,0.8348623853211009,0.8584905660377359,0.1892361111111111,18,0.0694980694980695,0.5642361111111112,0.9274447949526814,0.11969111969111969
margin,0.65,cancels,72,74,69,0.9324324324324325,0.9583333333333334,0.1284722222222222,5,0.019305019305019305,0.5642361111111112,0.9274447949526814,0.11969111969111969
margin,0.65,completes,70,75,68,0.9066666666666666,0.9714285714285714,0.13020833333333334,7,0.02702702702702703,0.5642361111111112,0.9274447949526814,0.11969111969111969
margin,0.65,reinstates,69,67,66,0.9850746268656716,0.9565217391304348,0.11631944444444445,1,0.003861003861003861,0.5642361111111112,0.9274447949526814,0.11969111969111969
margin,0.66,supersedes,106,109,91,0.8348623853211009,0.8584905660377359,0.1892361111111111,18,0.0694980694980695,0.5642361111111112,0.9274447949526814,0.11969111969111969
margin,0.66,cancels,72,74,69,0.9324324324324325,0.9583333333333334,0.1284722222222222,5,0.019305019305019305,0.5642361111111112,0.9274447949526814,0.11969111969111969
margin,0.66,completes,70,75,68,0.9066666666666666,0.9714285714285714,0.13020833333333334,7,0.02702702702702703,0.5642361111111112,0.9274447949526814,0.11969111969111969
margin,0.66,reinstates,69,67,66,0.9850746268656716,0.9565217391304348,0.11631944444444445,1,0.003861003861003861,0.5642361111111112,0.9274447949526814,0.11969111969111969
margin,0.67,supersedes,106,108,91,0.8425925925925926,0.8584905660377359,0.1875,17,0.06563706563706563,0.5625,0.9274447949526814,0.11583011583011583
margin,0.67,cancels,72,74,69,0.9324324324324325,0.9583333333333334,0.1284722222222222,5,0.019305019305019305,0.5625,0.9274447949526814,0.11583011583011583
margin,0.67,completes,70,75,68,0.9066666666666666,0.9714285714285714,0.13020833333333334,7,0.02702702702702703,0.5625,0.9274447949526814,0.11583011583011583
margin,0.67,reinstates,69,67,66,0.9850746268656716,0.9565217391304348,0.11631944444444445,1,0.003861003861003861,0.5625,0.9274447949526814,0.11583011583011583
margin,0.68,supersedes,106,108,91,0.8425925925925926,0.8584905660377359,0.1875,17,0.06563706563706563,0.5625,0.9274447949526814,0.11583011583011583
margin,0.68,cancels,72,74,69,0.9324324324324325,0.9583333333333334,0.1284722222222222,5,0.019305019305019305,0.5625,0.9274447949526814,0.11583011583011583
margin,0.68,completes,70,75,68,0.9066666666666666,0.9714285714285714,0.13020833333333334,7,0.02702702702702703,0.5625,0.9274447949526814,0.11583011583011583
margin,0.68,reinstates,69,67,66,0.9850746268656716,0.9565217391304348,0.11631944444444445,1,0.003861003861003861,0.5625,0.9274447949526814,0.11583011583011583
margin,0.69,supersedes,106,108,91,0.8425925925925926,0.8584905660377359,0.1875,17,0.06563706563706563,0.5625,0.9274447949526814,0.11583011583011583
margin,0.69,cancels,72,74,69,0.9324324324324325,0.9583333333333334,0.1284722222222222,5,0.019305019305019305,0.5625,0.9274447949526814,0.11583011583011583
margin,0.69,completes,70,75,68,0.9066666666666666,0.9714285714285714,0.13020833333333334,7,0.02702702702702703,0.5625,0.9274447949526814,0.11583011583011583
margin,0.69,reinstates,69,67,66,0.9850746268656716,0.9565217391304348,0.11631944444444445,1,0.003861003861003861,0.5625,0.9274447949526814,0.11583011583011583
margin,0.7,supersedes,106,108,91,0.8425925925925926,0.8584905660377359,0.1875,17,0.06563706563706563,0.5625,0.9274447949526814,0.11583011583011583
margin,0.7,cancels,72,74,69,0.9324324324324325,0.9583333333333334,0.1284722222222222,5,0.019305019305019305,0.5625,0.9274447949526814,0.11583011583011583
margin,0.7,completes,70,75,68,0.9066666666666666,0.9714285714285714,0.13020833333333334,7,0.02702702702702703,0.5625,0.9274447949526814,0.11583011583011583
margin,0.7,reinstates,69,67,66,0.9850746268656716,0.9565217391304348,0.11631944444444445,1,0.003861003861003861,0.5625,0.9274447949526814,0.11583011583011583
margin,0.71,supersedes,106,108,91,0.8425925925925926,0.8584905660377359,0.1875,17,0.06563706563706563,0.5625,0.9274447949526814,0.11583011583011583
margin,0.71,cancels,72,74,69,0.9324324324324325,0.9583333333333334,0.1284722222222222,5,0.019305019305019305,0.5625,0.9274447949526814,0.11583011583011583
margin,0.71,completes,70,75,68,0.9066666666666666,0.9714285714285714,0.13020833333333334,7,0.02702702702702703,0.5625,0.9274447949526814,0.11583011583011583
margin,0.71,reinstates,69,67,66,0.9850746268656716,0.9565217391304348,0.11631944444444445,1,0.003861003861003861,0.5625,0.9274447949526814,0.11583011583011583
margin,0.72,supersedes,106,108,91,0.8425925925925926,0.8584905660377359,0.1875,17,0.06563706563706563,0.5625,0.9274447949526814,0.11583011583011583
margin,0.72,cancels,72,74,69,0.9324324324324325,0.9583333333333334,0.1284722222222222,5,0.019305019305019305,0.5625,0.9274447949526814,0.11583011583011583
margin,0.72,completes,70,75,68,0.9066666666666666,0.9714285714285714,0.13020833333333334,7,0.02702702702702703,0.5625,0.9274447949526814,0.11583011583011583
margin,0.72,reinstates,69,67,66,0.9850746268656716,0.9565217391304348,0.11631944444444445,1,0.003861003861003861,0.5625,0.9274447949526814,0.11583011583011583
margin,0.73,supersedes,106,108,91,0.8425925925925926,0.8584905660377359,0.1875,17,0.06563706563706563,0.5625,0.9274447949526814,0.11583011583011583
margin,0.73,cancels,72,74,69,0.9324324324324325,0.9583333333333334,0.1284722222222222,5,0.019305019305019305,0.5625,0.9274447949526814,0.11583011583011583
margin,0.73,completes,70,75,68,0.9066666666666666,0.9714285714285714,0.13020833333333334,7,0.02702702702702703,0.5625,0.9274447949526814,0.11583011583011583
margin,0.73,reinstates,69,67,66,0.9850746268656716,0.9565217391304348,0.11631944444444445,1,0.003861003861003861,0.5625,0.9274447949526814,0.11583011583011583
margin,0.74,supersedes,106,107,90,0.8411214953271028,0.8490566037735849,0.1857638888888889,17,0.06563706563706563,0.5607638888888888,0.9242902208201893,0.11583011583011583
margin,0.74,cancels,72,74,69,0.9324324324324325,0.9583333333333334,0.1284722222222222,5,0.019305019305019305,0.5607638888888888,0.9242902208201893,0.11583011583011583
margin,0.74,completes,70,75,68,0.9066666666666666,0.9714285714285714,0.13020833333333334,7,0.02702702702702703,0.5607638888888888,0.9242902208201893,0.11583011583011583
margin,0.74,reinstates,69,67,66,0.9850746268656716,0.9565217391304348,0.11631944444444445,1,0.003861003861003861,0.5607638888888888,0.9242902208201893,0.11583011583011583
margin,0.75,supersedes,106,106,89,0.839622641509434,0.839622641509434,0.1840277777777778,17,0.06563706563706563,0.5590277777777778,0.9211356466876972,0.11583011583011583
margin,0.75,cancels,72,74,69,0.9324324324324325,0.9583333333333334,0.1284722222222222,5,0.019305019305019305,0.5590277777777778,0.9211356466876972,0.11583011583011583
margin,0.75,completes,70,75,68,0.9066666666666666,0.9714285714285714,0.13020833333333334,7,0.02702702702702703,0.5590277777777778,0.9211356466876972,0.11583011583011583
margin,0.75,reinstates,69,67,66,0.9850746268656716,0.9565217391304348,0.11631944444444445,1,0.003861003861003861,0.5590277777777778,0.9211356466876972,0.11583011583011583
margin,0.76,supersedes,106,105,89,0.8476190476190476,0.839622641509434,0.18229166666666666,16,0.06177606177606178,0.5555555555555556,0.917981072555205,0.11196911196911197
margin,0.76,cancels,72,73,68,0.9315068493150684,0.9444444444444444,0.1267361111111111,5,0.019305019305019305,0.5555555555555556,0.917981072555205,0.11196911196911197
margin,0.76,completes,70,75,68,0.9066666666666666,0.9714285714285714,0.13020833333333334,7,0.02702702702702703,0.5555555555555556,0.917981072555205,0.11196911196911197
margin,0.76,reinstates,69,67,66,0.9850746268656716,0.9565217391304348,0.11631944444444445,1,0.003861003861003861,0.5555555555555556,0.917981072555205,0.11196911196911197
margin,0.77,supersedes,106,104,88,0.8461538461538461,0.8301886792452831,0.18055555555555555,16,0.06177606177606178,0.5538194444444444,0.9148264984227129,0.11196911196911197
margin,0.77,cancels,72,73,68,0.9315068493150684,0.9444444444444444,0.1267361111111111,5,0.019305019305019305,0.5538194444444444,0.9148264984227129,0.11196911196911197
margin,0.77,completes,70,75,68,0.9066666666666666,0.9714285714285714,0.13020833333333334,7,0.02702702702702703,0.5538194444444444,0.9148264984227129,0.11196911196911197
margin,0.77,reinstates,69,67,66,0.9850746268656716,0.9565217391304348,0.11631944444444445,1,0.003861003861003861,0.5538194444444444,0.9148264984227129,0.11196911196911197
margin,0.78,supersedes,106,104,88,0.8461538461538461,0.8301886792452831,0.18055555555555555,16,0.06177606177606178,0.5538194444444444,0.9148264984227129,0.11196911196911197
margin,0.78,cancels,72,73,68,0.9315068493150684,0.9444444444444444,0.1267361111111111,5,0.019305019305019305,0.5538194444444444,0.9148264984227129,0.11196911196911197
margin,0.78,completes,70,75,68,0.9066666666666666,0.9714285714285714,0.13020833333333334,7,0.02702702702702703,0.5538194444444444,0.9148264984227129,0.11196911196911197
margin,0.78,reinstates,69,67,66,0.9850746268656716,0.9565217391304348,0.11631944444444445,1,0.003861003861003861,0.5538194444444444,0.9148264984227129,0.11196911196911197
margin,0.79,supersedes,106,104,88,0.8461538461538461,0.8301886792452831,0.18055555555555555,16,0.06177606177606178,0.5520833333333334,0.9116719242902208,0.11196911196911197
margin,0.79,cancels,72,73,68,0.9315068493150684,0.9444444444444444,0.1267361111111111,5,0.019305019305019305,0.5520833333333334,0.9116719242902208,0.11196911196911197
margin,0.79,completes,70,75,68,0.9066666666666666,0.9714285714285714,0.13020833333333334,7,0.02702702702702703,0.5520833333333334,0.9116719242902208,0.11196911196911197
margin,0.79,reinstates,69,66,65,0.9848484848484849,0.9420289855072463,0.11458333333333333,1,0.003861003861003861,0.5520833333333334,0.9116719242902208,0.11196911196911197
margin,0.8,supersedes,106,102,88,0.8627450980392157,0.8301886792452831,0.17708333333333334,14,0.05405405405405406,0.546875,0.9085173501577287,0.10424710424710425
margin,0.8,cancels,72,73,68,0.9315068493150684,0.9444444444444444,0.1267361111111111,5,0.019305019305019305,0.546875,0.9085173501577287,0.10424710424710425
margin,0.8,completes,70,75,68,0.9066666666666666,0.9714285714285714,0.13020833333333334,7,0.02702702702702703,0.546875,0.9085173501577287,0.10424710424710425
margin,0.8,reinstates,69,65,64,0.9846153846153847,0.927536231884058,0.11284722222222222,1,0.003861003861003861,0.546875,0.9085173501577287,0.10424710424710425
margin,0.81,supersedes,106,102,88,0.8627450980392157,0.8301886792452831,0.17708333333333334,14,0.05405405405405406,0.546875,0.9085173501577287,0.10424710424710425
margin,0.81,cancels,72,73,68,0.9315068493150684,0.9444444444444444,0.1267361111111111,5,0.019305019305019305,0.546875,0.9085173501577287,0.10424710424710425
margin,0.81,completes,70,75,68,0.9066666666666666,0.9714285714285714,0.13020833333333334,7,0.02702702702702703,0.546875,0.9085173501577287,0.10424710424710425
margin,0.81,reinstates,69,65,64,0.9846153846153847,0.927536231884058,0.11284722222222222,1,0.003861003861003861,0.546875,0.9085173501577287,0.10424710424710425
margin,0.82,supersedes,106,101,87,0.8613861386138614,0.8207547169811321,0.1753472222222222,14,0.05405405405405406,0.5434027777777778,0.9053627760252366,0.10038610038610038
margin,0.82,cancels,72,73,68,0.9315068493150684,0.9444444444444444,0.1267361111111111,5,0.019305019305019305,0.5434027777777778,0.9053627760252366,0.10038610038610038
margin,0.82,completes,70,74,68,0.918918918918919,0.9714285714285714,0.1284722222222222,6,0.023166023166023165,0.5434027777777778,0.9053627760252366,0.10038610038610038
margin,0.82,reinstates,69,65,64,0.9846153846153847,0.927536231884058,0.11284722222222222,1,0.003861003861003861,0.5434027777777778,0.9053627760252366,0.10038610038610038
margin,0.83,supersedes,106,101,87,0.8613861386138614,0.8207547169811321,0.1753472222222222,14,0.05405405405405406,0.5416666666666666,0.9053627760252366,0.09652509652509653
margin,0.83,cancels,72,73,68,0.9315068493150684,0.9444444444444444,0.1267361111111111,5,0.019305019305019305,0.5416666666666666,0.9053627760252366,0.09652509652509653
margin,0.83,completes,70,73,68,0.9315068493150684,0.9714285714285714,0.1267361111111111,5,0.019305019305019305,0.5416666666666666,0.9053627760252366,0.09652509652509653
margin,0.83,reinstates,69,65,64,0.9846153846153847,0.927536231884058,0.11284722222222222,1,0.003861003861003861,0.5416666666666666,0.9053627760252366,0.09652509652509653
margin,0.84,supersedes,106,100,86,0.86,0.8113207547169812,0.1736111111111111,14,0.05405405405405406,0.5399305555555556,0.9022082018927445,0.09652509652509653
margin,0.84,cancels,72,73,68,0.9315068493150684,0.9444444444444444,0.1267361111111111,5,0.019305019305019305,0.5399305555555556,0.9022082018927445,0.09652509652509653
margin,0.84,completes,70,73,68,0.9315068493150684,0.9714285714285714,0.1267361111111111,5,0.019305019305019305,0.5399305555555556,0.9022082018927445,0.09652509652509653
margin,0.84,reinstates,69,65,64,0.9846153846153847,0.927536231884058,0.11284722222222222,1,0.003861003861003861,0.5399305555555556,0.9022082018927445,0.09652509652509653
margin,0.85,supersedes,106,100,86,0.86,0.8113207547169812,0.1736111111111111,14,0.05405405405405406,0.5364583333333334,0.8990536277602523,0.09266409266409266
margin,0.85,cancels,72,71,67,0.9436619718309859,0.9305555555555556,0.1232638888888889,4,0.015444015444015444,0.5364583333333334,0.8990536277602523,0.09266409266409266
margin,0.85,completes,70,73,68,0.9315068493150684,0.9714285714285714,0.1267361111111111,5,0.019305019305019305,0.5364583333333334,0.8990536277602523,0.09266409266409266
margin,0.85,reinstates,69,65,64,0.9846153846153847,0.927536231884058,0.11284722222222222,1,0.003861003861003861,0.5364583333333334,0.8990536277602523,0.09266409266409266
margin,0.86,supersedes,106,99,85,0.8585858585858586,0.8018867924528302,0.171875,14,0.05405405405405406,0.5329861111111112,0.8927444794952681,0.09266409266409266
margin,0.86,cancels,72,70,66,0.9428571428571428,0.9166666666666666,0.12152777777777778,4,0.015444015444015444,0.5329861111111112,0.8927444794952681,0.09266409266409266
margin,0.86,completes,70,73,68,0.9315068493150684,0.9714285714285714,0.1267361111111111,5,0.019305019305019305,0.5329861111111112,0.8927444794952681,0.09266409266409266
margin,0.86,reinstates,69,65,64,0.9846153846153847,0.927536231884058,0.11284722222222222,1,0.003861003861003861,0.5329861111111112,0.8927444794952681,0.09266409266409266
margin,0.87,supersedes,106,99,85,0.8585858585858586,0.8018867924528302,0.171875,14,0.05405405405405406,0.5295138888888888,0.889589905362776,0.0888030888030888
margin,0.87,cancels,72,69,66,0.9565217391304348,0.9166666666666666,0.11979166666666667,3,0.011583011583011582,0.5295138888888888,0.889589905362776,0.0888030888030888
margin,0.87,completes,70,72,67,0.9305555555555556,0.9571428571428572,0.125,5,0.019305019305019305,0.5295138888888888,0.889589905362776,0.0888030888030888
margin,0.87,reinstates,69,65,64,0.9846153846153847,0.927536231884058,0.11284722222222222,1,0.003861003861003861,0.5295138888888888,0.889589905362776,0.0888030888030888
margin,0.88,supersedes,106,97,84,0.865979381443299,0.7924528301886793,0.1684027777777778,13,0.05019305019305019,0.5260416666666666,0.886435331230284,0.08494208494208494
margin,0.88,cancels,72,69,66,0.9565217391304348,0.9166666666666666,0.11979166666666667,3,0.011583011583011582,0.5260416666666666,0.886435331230284,0.08494208494208494
margin,0.88,completes,70,72,67,0.9305555555555556,0.9571428571428572,0.125,5,0.019305019305019305,0.5260416666666666,0.886435331230284,0.08494208494208494
margin,0.88,reinstates,69,65,64,0.9846153846153847,0.927536231884058,0.11284722222222222,1,0.003861003861003861,0.5260416666666666,0.886435331230284,0.08494208494208494
margin,0.89,supersedes,106,96,84,0.875,0.7924528301886793,0.16666666666666666,12,0.04633204633204633,0.5173611111111112,0.8769716088328076,0.07722007722007722
margin,0.89,cancels,72,67,64,0.9552238805970149,0.8888888888888888,0.11631944444444445,3,0.011583011583011582,0.5173611111111112,0.8769716088328076,0.07722007722007722
margin,0.89,completes,70,71,67,0.9436619718309859,0.9571428571428572,0.1232638888888889,4,0.015444015444015444,0.5173611111111112,0.8769716088328076,0.07722007722007722
margin,0.89,reinstates,69,64,63,0.984375,0.9130434782608695,0.1111111111111111,1,0.003861003861003861,0.5173611111111112,0.8769716088328076,0.07722007722007722
margin,0.9,supersedes,106,94,82,0.8723404255319149,0.7735849056603774,0.16319444444444445,12,0.04633204633204633,0.5104166666666666,0.8675078864353313,0.07335907335907337
margin,0.9,cancels,72,65,63,0.9692307692307692,0.875,0.11284722222222222,2,0.007722007722007722,0.5104166666666666,0.8675078864353313,0.07335907335907337
margin,0.9,completes,70,71,67,0.9436619718309859,0.9571428571428572,0.1232638888888889,4,0.015444015444015444,0.5104166666666666,0.8675078864353313,0.07335907335907337
margin,0.9,reinstates,69,64,63,0.984375,0.9130434782608695,0.1111111111111111,1,0.003861003861003861,0.5104166666666666,0.8675078864353313,0.07335907335907337
margin,0.91,supersedes,106,91,80,0.8791208791208791,0.7547169811320755,0.1579861111111111,11,0.04247104247104247,0.5017361111111112,0.8548895899053628,0.0694980694980695
margin,0.91,cancels,72,64,62,0.96875,0.8611111111111112,0.1111111111111111,2,0.007722007722007722,0.5017361111111112,0.8548895899053628,0.0694980694980695
margin,0.91,completes,70,71,67,0.9436619718309859,0.9571428571428572,0.1232638888888889,4,0.015444015444015444,0.5017361111111112,0.8548895899053628,0.0694980694980695
margin,0.91,reinstates,69,63,62,0.9841269841269841,0.8985507246376812,0.109375,1,0.003861003861003861,0.5017361111111112,0.8548895899053628,0.0694980694980695
margin,0.92,supersedes,106,85,76,0.8941176470588236,0.7169811320754716,0.14756944444444445,9,0.03474903474903475,0.4895833333333333,0.8391167192429022,0.06177606177606178
margin,0.92,cancels,72,63,61,0.9682539682539683,0.8472222222222222,0.109375,2,0.007722007722007722,0.4895833333333333,0.8391167192429022,0.06177606177606178
margin,0.92,completes,70,71,67,0.9436619718309859,0.9571428571428572,0.1232638888888889,4,0.015444015444015444,0.4895833333333333,0.8391167192429022,0.06177606177606178
margin,0.92,reinstates,69,63,62,0.9841269841269841,0.8985507246376812,0.109375,1,0.003861003861003861,0.4895833333333333,0.8391167192429022,0.06177606177606178
margin,0.93,supersedes,106,77,70,0.9090909090909091,0.660377358490566,0.13368055555555555,7,0.02702702702702703,0.4722222222222222,0.8170347003154574,0.05019305019305019
margin,0.93,cancels,72,61,60,0.9836065573770492,0.8333333333333334,0.10590277777777778,1,0.003861003861003861,0.4722222222222222,0.8170347003154574,0.05019305019305019
margin,0.93,completes,70,71,67,0.9436619718309859,0.9571428571428572,0.1232638888888889,4,0.015444015444015444,0.4722222222222222,0.8170347003154574,0.05019305019305019
margin,0.93,reinstates,69,63,62,0.9841269841269841,0.8985507246376812,0.109375,1,0.003861003861003861,0.4722222222222222,0.8170347003154574,0.05019305019305019
margin,0.94,supersedes,106,70,63,0.9,0.5943396226415094,0.12152777777777778,7,0.02702702702702703,0.4600694444444444,0.7949526813880127,0.05019305019305019
margin,0.94,cancels,72,61,60,0.9836065573770492,0.8333333333333334,0.10590277777777778,1,0.003861003861003861,0.4600694444444444,0.7949526813880127,0.05019305019305019
margin,0.94,completes,70,71,67,0.9436619718309859,0.9571428571428572,0.1232638888888889,4,0.015444015444015444,0.4600694444444444,0.7949526813880127,0.05019305019305019
margin,0.94,reinstates,69,63,62,0.9841269841269841,0.8985507246376812,0.109375,1,0.003861003861003861,0.4600694444444444,0.7949526813880127,0.05019305019305019
margin,0.95,supersedes,106,51,47,0.9215686274509803,0.44339622641509435,0.08854166666666667,4,0.015444015444015444,0.4097222222222222,0.7160883280757098,0.03474903474903475
margin,0.95,cancels,72,57,56,0.9824561403508771,0.7777777777777778,0.09895833333333333,1,0.003861003861003861,0.4097222222222222,0.7160883280757098,0.03474903474903475
margin,0.95,completes,70,70,67,0.9571428571428572,0.9571428571428572,0.12152777777777778,3,0.011583011583011582,0.4097222222222222,0.7160883280757098,0.03474903474903475
margin,0.95,reinstates,69,58,57,0.9827586206896551,0.8260869565217391,0.10069444444444445,1,0.003861003861003861,0.4097222222222222,0.7160883280757098,0.03474903474903475
margin,0.96,supersedes,106,3,3,1.0,0.02830188679245283,0.005208333333333333,0,0.0,0.2986111111111111,0.526813880126183,0.019305019305019305
margin,0.96,cancels,72,47,46,0.9787234042553191,0.6388888888888888,0.08159722222222222,1,0.003861003861003861,0.2986111111111111,0.526813880126183,0.019305019305019305
margin,0.96,completes,70,70,67,0.9571428571428572,0.9571428571428572,0.12152777777777778,3,0.011583011583011582,0.2986111111111111,0.526813880126183,0.019305019305019305
margin,0.96,reinstates,69,52,51,0.9807692307692307,0.7391304347826086,0.09027777777777778,1,0.003861003861003861,0.2986111111111111,0.526813880126183,0.019305019305019305
margin,0.97,supersedes,106,0,0,,0.0,0.0,0,0.0,0.1076388888888889,0.19558359621451105,0.0
margin,0.97,cancels,72,0,0,,0.0,0.0,0,0.0,0.1076388888888889,0.19558359621451105,0.0
margin,0.97,completes,70,47,47,1.0,0.6714285714285714,0.08159722222222222,0,0.0,0.1076388888888889,0.19558359621451105,0.0
margin,0.97,reinstates,69,15,15,1.0,0.21739130434782608,0.026041666666666668,0,0.0,0.1076388888888889,0.19558359621451105,0.0
margin,0.98,supersedes,106,0,0,,0.0,0.0,0,0.0,0.0,0.0,0.0
margin,0.98,cancels,72,0,0,,0.0,0.0,0,0.0,0.0,0.0,0.0
margin,0.98,completes,70,0,0,,0.0,0.0,0,0.0,0.0,0.0,0.0
margin,0.98,reinstates,69,0,0,,0.0,0.0,0,0.0,0.0,0.0,0.0
